<TABLE_DEFINITIONS Table="SAPCE4" Name="Personal consumption expenditures (PCE) by state by function" Source="USDOC/BEA/RD"><LINE><Code>1</Code><Description>Personal consumption expenditures</Description></LINE><LINE><Code>2</Code><Description>Household consumption expenditures</Description></LINE><LINE><Code>3</Code><Description>Food and beverages purchased for off-premises consumption</Description></LINE><LINE><Code>4</Code><Description>Food and nonalcoholic beverages purchased for off-premises consumption</Description></LINE><LINE><Code>5</Code><Description>Alcoholic beverages purchased for off-premises consumption</Description></LINE><LINE><Code>6</Code><Description>Food produced and consumed on farms</Description></LINE><LINE><Code>7</Code><Description>Clothing, footwear, and related services</Description></LINE><LINE><Code>8</Code><Description>Clothing</Description></LINE><LINE><Code>9</Code><Description>Garments</Description></LINE><LINE><Code>10</Code><Description>Women's and girls' clothing</Description></LINE><LINE><Code>11</Code><Description>Men's and boys' clothing</Description></LINE><LINE><Code>12</Code><Description>Children's and infants' clothing</Description></LINE><LINE><Code>13</Code><Description>Other clothing materials</Description></LINE><LINE><Code>14</Code><Description>Cleaning, repair, and rental of clothing</Description></LINE><LINE><Code>15</Code><Description>Laundry and dry cleaning services</Description></LINE><LINE><Code>16</Code><Description>Clothing repair, rental, and alterations</Description></LINE><LINE><Code>17</Code><Description>Footwear</Description></LINE><LINE><Code>18</Code><Description>Housing, utilities, and fuels</Description></LINE><LINE><Code>19</Code><Description>Housing</Description></LINE><LINE><Code>20</Code><Description>Rental of tenant-occupied nonfarm housing</Description></LINE><LINE><Code>21</Code><Description>Imputed rental of owner-occupied nonfarm housing</Description></LINE><LINE><Code>22</Code><Description>Rental value of farm dwellings</Description></LINE><LINE><Code>23</Code><Description>Group housing</Description></LINE><LINE><Code>24</Code><Description>Household utilities and fuels</Description></LINE><LINE><Code>25</Code><Description>Water supply and sanitation</Description></LINE><LINE><Code>26</Code><Description>Electricity, gas, and other fuels</Description></LINE><LINE><Code>27</Code><Description>Electricity</Description></LINE><LINE><Code>28</Code><Description>Natural gas</Description></LINE><LINE><Code>29</Code><Description>Fuel oil and other fuels</Description></LINE><LINE><Code>30</Code><Description>Furnishings, household equipment, and routine household maintenance</Description></LINE><LINE><Code>31</Code><Description>Furniture, furnishings, and floor coverings</Description></LINE><LINE><Code>32</Code><Description>Household textiles</Description></LINE><LINE><Code>33</Code><Description>Household appliances</Description></LINE><LINE><Code>34</Code><Description>Glassware, tableware, and household utensils</Description></LINE><LINE><Code>35</Code><Description>Tools and equipment for house and garden</Description></LINE><LINE><Code>36</Code><Description>Other household goods and services</Description></LINE><LINE><Code>37</Code><Description>Health</Description></LINE><LINE><Code>38</Code><Description>Medical products, appliances, and equipment</Description></LINE><LINE><Code>39</Code><Description>Pharmaceutical and other medical products</Description></LINE><LINE><Code>40</Code><Description>Pharmaceutical products</Description></LINE><LINE><Code>41</Code><Description>Other medical products</Description></LINE><LINE><Code>42</Code><Description>Therapeutic appliances and equipment</Description></LINE><LINE><Code>43</Code><Description>Outpatient services</Description></LINE><LINE><Code>44</Code><Description>Physician services</Description></LINE><LINE><Code>45</Code><Description>Dental services</Description></LINE><LINE><Code>46</Code><Description>Paramedical services</Description></LINE><LINE><Code>47</Code><Description>Home health care</Description></LINE><LINE><Code>48</Code><Description>Medical laboratories</Description></LINE><LINE><Code>49</Code><Description>Other professional medical services</Description></LINE><LINE><Code>50</Code><Description>Hospital and nursing home services</Description></LINE><LINE><Code>51</Code><Description>Hospitals</Description></LINE><LINE><Code>52</Code><Description>Nursing homes</Description></LINE><LINE><Code>53</Code><Description>Transportation</Description></LINE><LINE><Code>54</Code><Description>Motor vehicles</Description></LINE><LINE><Code>55</Code><Description>New motor vehicles</Description></LINE><LINE><Code>56</Code><Description>Net purchases of used motor vehicles</Description></LINE><LINE><Code>57</Code><Description>Motor vehicle operation</Description></LINE><LINE><Code>58</Code><Description>Motor vehicle parts and accessories</Description></LINE><LINE><Code>59</Code><Description>Motor vehicle fuels, lubricants, and fluids</Description></LINE><LINE><Code>60</Code><Description>Motor vehicle maintenance and repair</Description></LINE><LINE><Code>61</Code><Description>Other motor vehicle services</Description></LINE><LINE><Code>62</Code><Description>Public transportation</Description></LINE><LINE><Code>63</Code><Description>Ground transportation</Description></LINE><LINE><Code>64</Code><Description>Air transportation</Description></LINE><LINE><Code>65</Code><Description>Water transportation</Description></LINE><LINE><Code>66</Code><Description>Communication</Description></LINE><LINE><Code>67</Code><Description>Telephone and related communication equipment</Description></LINE><LINE><Code>68</Code><Description>Postal and delivery services</Description></LINE><LINE><Code>69</Code><Description>First-class postal service by U.S. Postal Service (USPS)</Description></LINE><LINE><Code>70</Code><Description>Other delivery services (by non-USPS facilities)</Description></LINE><LINE><Code>71</Code><Description>Telecommunication services</Description></LINE><LINE><Code>72</Code><Description>Internet access</Description></LINE><LINE><Code>73</Code><Description>Recreation</Description></LINE><LINE><Code>74</Code><Description>Video and audio equipment, computers, and related services</Description></LINE><LINE><Code>75</Code><Description>Video and audio equipment</Description></LINE><LINE><Code>76</Code><Description>Information processing equipment</Description></LINE><LINE><Code>77</Code><Description>Services related to video and audio goods and computers</Description></LINE><LINE><Code>78</Code><Description>Sports and recreational goods and related services</Description></LINE><LINE><Code>79</Code><Description>Sports and recreational vehicles</Description></LINE><LINE><Code>80</Code><Description>Other sporting and recreational goods</Description></LINE><LINE><Code>81</Code><Description>Maintenance and repair of recreational vehicles and sports equipment</Description></LINE><LINE><Code>82</Code><Description>Membership clubs, sports centers, parks, theaters, and museums</Description></LINE><LINE><Code>83</Code><Description>Membership clubs and participant sports centers</Description></LINE><LINE><Code>84</Code><Description>Amusements parks, campgrounds, and related recreational services</Description></LINE><LINE><Code>85</Code><Description>Admissions to specified spectator amusements</Description></LINE><LINE><Code>86</Code><Description>Motion picture theaters</Description></LINE><LINE><Code>87</Code><Description>Live entertainment, excluding sports</Description></LINE><LINE><Code>88</Code><Description>Spectator sports</Description></LINE><LINE><Code>89</Code><Description>Museums and libraries</Description></LINE><LINE><Code>90</Code><Description>Magazines, newspapers, books, and stationery</Description></LINE><LINE><Code>91</Code><Description>Gambling</Description></LINE><LINE><Code>92</Code><Description>Pets, pet products, and related services</Description></LINE><LINE><Code>93</Code><Description>Photographic goods and services</Description></LINE><LINE><Code>94</Code><Description>Package tours</Description></LINE><LINE><Code>95</Code><Description>Education</Description></LINE><LINE><Code>96</Code><Description>Educational books</Description></LINE><LINE><Code>97</Code><Description>Higher education</Description></LINE><LINE><Code>98</Code><Description>Nursery, elementary, and secondary schools</Description></LINE><LINE><Code>99</Code><Description>Commercial and vocational schools</Description></LINE><LINE><Code>100</Code><Description>Food services and accommodations</Description></LINE><LINE><Code>101</Code><Description>Food services</Description></LINE><LINE><Code>102</Code><Description>Purchased meals and beverages</Description></LINE><LINE><Code>103</Code><Description>Food furnished to employees (including military)</Description></LINE><LINE><Code>104</Code><Description>Accommodations</Description></LINE><LINE><Code>105</Code><Description>Financial services and insurance</Description></LINE><LINE><Code>106</Code><Description>Financial services</Description></LINE><LINE><Code>107</Code><Description>Financial services furnished without payment</Description></LINE><LINE><Code>108</Code><Description>Financial service charges, fees, and commissions</Description></LINE><LINE><Code>109</Code><Description>Insurance</Description></LINE><LINE><Code>110</Code><Description>Life insurance</Description></LINE><LINE><Code>111</Code><Description>Net household insurance</Description></LINE><LINE><Code>112</Code><Description>Net health insurance</Description></LINE><LINE><Code>113</Code><Description>Medical care and hospitalization</Description></LINE><LINE><Code>114</Code><Description>Income loss</Description></LINE><LINE><Code>115</Code><Description>Workers' compensation</Description></LINE><LINE><Code>116</Code><Description>Net motor vehicle and other transportation insurance</Description></LINE><LINE><Code>117</Code><Description>Other goods and services</Description></LINE><LINE><Code>118</Code><Description>Personal care</Description></LINE><LINE><Code>119</Code><Description>Personal items</Description></LINE><LINE><Code>120</Code><Description>Social services and religious activities</Description></LINE><LINE><Code>121</Code><Description>Professional and other services</Description></LINE><LINE><Code>122</Code><Description>Legal services</Description></LINE><LINE><Code>123</Code><Description>Accounting and other business services</Description></LINE><LINE><Code>124</Code><Description>Labor organization dues</Description></LINE><LINE><Code>125</Code><Description>Professional association dues</Description></LINE><LINE><Code>126</Code><Description>Funeral and burial services</Description></LINE><LINE><Code>127</Code><Description>Tobacco</Description></LINE><LINE><Code>128</Code><Description>Net foreign travel and expenditures abroad by U.S. residents</Description></LINE><LINE><Code>129</Code><Description>Foreign travel by U.S. residents</Description></LINE><LINE><Code>130</Code><Description>Less: Expenditures in the United States by nonresidents</Description></LINE><LINE><Code>131</Code><Description>Net expenditures abroad by U.S. residents</Description></LINE><LINE><Code>132</Code><Description>Final consumption expenditures of nonprofit institutions serving households (NPISHs)</Description></LINE><LINE><Code>133</Code><Description>Gross output of nonprofit institutions</Description></LINE><LINE><Code>134</Code><Description>Less: Receipts from sales of goods and services by nonprofit institutions</Description></LINE></TABLE_DEFINITIONS>
