<TABLE_DEFINITIONS Table="SAPCE3" Name="Personal consumption expenditures (PCE) by state by type of product" Source="USDOC/BEA/RD"><LINE><Code>1</Code><Description>Personal consumption expenditures</Description><Definition>A measure of spending on goods and services purchased by, and on behalf of, households based on households' state of residence in the fifty states and the District of Columbia.</Definition></LINE><LINE><Code>2</Code><Description>Goods</Description><Definition>Tangible products that can be stored or inventoried.</Definition></LINE><LINE><Code>3</Code><Description>Durable goods</Description><Definition>Goods that have an average life of at least three years.</Definition></LINE><LINE><Code>4</Code><Description>Motor vehicles and parts</Description><Definition>Purchases of new motor vehicles, net purchases of used motor vehicles, and purchases of motor vehicle parts and accessories.</Definition></LINE><LINE><Code>5</Code><Description>New motor vehicles</Description></LINE><LINE><Code>6</Code><Description>Net purchases of used motor vehicles</Description></LINE><LINE><Code>7</Code><Description>Motor vehicle parts and accessories</Description></LINE><LINE><Code>8</Code><Description>Furnishings and durable household equipment</Description><Definition>Purchases of furniture and furnishings, household appliances, glassware, tableware, and household utensils, and tools and equipment for house and garden.</Definition></LINE><LINE><Code>9</Code><Description>Furniture and furnishings</Description></LINE><LINE><Code>10</Code><Description>Household appliances</Description></LINE><LINE><Code>11</Code><Description>Glassware, tableware, and household utensils</Description></LINE><LINE><Code>12</Code><Description>Tools and equipment for house and garden</Description></LINE><LINE><Code>13</Code><Description>Recreational goods and vehicles</Description><Definition>Purchases of video, audio, photographic, and information processing equipment and media, sporting equipment supplies, guns, and ammunition, sports and recreational vehicles, recreational books, and musical instruments.</Definition></LINE><LINE><Code>14</Code><Description>Video, audio, photographic, and information processing equipment and media</Description></LINE><LINE><Code>15</Code><Description>Sporting equipment, supplies, guns, and ammunition</Description></LINE><LINE><Code>16</Code><Description>Sports and recreational vehicles</Description></LINE><LINE><Code>17</Code><Description>Recreational books</Description></LINE><LINE><Code>18</Code><Description>Musical instruments</Description></LINE><LINE><Code>19</Code><Description>Other durable goods</Description><Definition>Purchases of jewelry and watches, therapeutic appliances and equipment, educational books, luggage and similar personal items, and telephone and facsimile equipment.</Definition></LINE><LINE><Code>20</Code><Description>Jewelry and watches</Description></LINE><LINE><Code>21</Code><Description>Therapeutic appliances and equipment</Description></LINE><LINE><Code>22</Code><Description>Educational books</Description></LINE><LINE><Code>23</Code><Description>Luggage and similar personal items</Description></LINE><LINE><Code>24</Code><Description>Telephone and related communication equipment</Description></LINE><LINE><Code>25</Code><Description>Nondurable goods</Description><Definition>Goods that have an average life of less than three years.</Definition></LINE><LINE><Code>26</Code><Description>Food and beverages purchased for off-premises consumption</Description><Definition>Purchases of food and nonalcoholic beverages purchased for off-premises consumption, alcoholic beverages purchased for off-premises consumption, and food produced and consumed on farms.</Definition></LINE><LINE><Code>27</Code><Description>Food and nonalcoholic beverages purchased for off-premises consumption</Description></LINE><LINE><Code>28</Code><Description>Alcoholic beverages purchased for off-premises consumption</Description></LINE><LINE><Code>29</Code><Description>Food produced and consumed on farms</Description></LINE><LINE><Code>30</Code><Description>Clothing and footwear</Description><Definition>Purchases of garments and other clothing materials and footwear. Garments consist of women's and girl's clothing, men's and boy's clothing, and children's and infant's clothing.</Definition></LINE><LINE><Code>31</Code><Description>Garments</Description></LINE><LINE><Code>32</Code><Description>Women's and girls' clothing</Description></LINE><LINE><Code>33</Code><Description>Men's and boys' clothing</Description></LINE><LINE><Code>34</Code><Description>Children's and infants' clothing</Description></LINE><LINE><Code>35</Code><Description>Other clothing materials and footwear</Description></LINE><LINE><Code>36</Code><Description>Gasoline and other energy goods</Description><Definition>Purchases of motor vehicle fuels, lubricants, and fluids, and fuel oils and other fuels.</Definition></LINE><LINE><Code>37</Code><Description>Motor vehicle fuels, lubricants, and fluids</Description></LINE><LINE><Code>38</Code><Description>Fuel oil and other fuels</Description></LINE><LINE><Code>39</Code><Description>Other nondurable goods</Description><Definition>Purchases of pharmaceutical and other medical products, recreational items, household supplies, personal care products, tobacco, and magazines, newspapers, and stationery.</Definition></LINE><LINE><Code>40</Code><Description>Pharmaceutical and other medical products</Description></LINE><LINE><Code>41</Code><Description>Recreational items</Description></LINE><LINE><Code>42</Code><Description>Household supplies</Description></LINE><LINE><Code>43</Code><Description>Personal care products</Description></LINE><LINE><Code>44</Code><Description>Tobacco</Description></LINE><LINE><Code>45</Code><Description>Magazines, newspapers, and stationery</Description></LINE><LINE><Code>46</Code><Description>Net expenditures abroad by U.S. residents</Description></LINE><LINE><Code>47</Code><Description>Services</Description><Definition>Products that cannot be stored or inventoried that are usually consumed at the place and time of their purchase.</Definition></LINE><LINE><Code>48</Code><Description>Household consumption expenditures (for services)</Description><Definition>Consists of actual and imputed consumption expenditures for services by resident households.</Definition></LINE><LINE><Code>49</Code><Description>Housing and utilities</Description><Definition>Spending on housing and household utilities. Housing consists of the monetary rents paid by tenants for tenant-occupied housing, an imputed rental value for owner-occupied dwellings (measured as the income the homeowner could have received if the house had been rented to a tenant), the rental value of farm dwellings, and spending on group housing. Household utilities consist of water supply and sanitation and electricity and gas.</Definition></LINE><LINE><Code>50</Code><Description>Housing</Description></LINE><LINE><Code>51</Code><Description>Rental of tenant-occupied nonfarm housing</Description></LINE><LINE><Code>52</Code><Description>Imputed rental of owner-occupied nonfarm housing</Description></LINE><LINE><Code>53</Code><Description>Rental value of farm dwellings</Description></LINE><LINE><Code>54</Code><Description>Group housing</Description></LINE><LINE><Code>55</Code><Description>Household utilities</Description></LINE><LINE><Code>56</Code><Description>Water supply and sanitation</Description></LINE><LINE><Code>57</Code><Description>Electricity and gas</Description></LINE><LINE><Code>58</Code><Description>Electricity</Description></LINE><LINE><Code>59</Code><Description>Natural gas</Description></LINE><LINE><Code>60</Code><Description>Health care</Description><Definition>Spending on outpatient services and hospital and nursing home services. Outpatient services consist of physician services, dental services, and paramedical services.</Definition></LINE><LINE><Code>61</Code><Description>Outpatient services</Description></LINE><LINE><Code>62</Code><Description>Physician services</Description></LINE><LINE><Code>63</Code><Description>Dental services</Description></LINE><LINE><Code>64</Code><Description>Paramedical services</Description></LINE><LINE><Code>65</Code><Description>Hospital and nursing home services</Description></LINE><LINE><Code>66</Code><Description>Hospitals</Description></LINE><LINE><Code>67</Code><Description>Nursing homes</Description></LINE><LINE><Code>68</Code><Description>Transportation services</Description><Definition>Spending on motor vehicle services and public transportation. Motor vehicle services consist of motor vehicle maintenance and repair and other motor vehicle services. Public transportation consists of ground transportation, air transportation, and water transportation.</Definition></LINE><LINE><Code>69</Code><Description>Motor vehicle services</Description></LINE><LINE><Code>70</Code><Description>Motor vehicle maintenance and repair</Description></LINE><LINE><Code>71</Code><Description>Other motor vehicle services</Description></LINE><LINE><Code>72</Code><Description>Public transportation</Description></LINE><LINE><Code>73</Code><Description>Ground transportation</Description></LINE><LINE><Code>74</Code><Description>Air transportation</Description></LINE><LINE><Code>75</Code><Description>Water transportation</Description></LINE><LINE><Code>76</Code><Description>Recreation services</Description><Definition>Spending on membership clubs, sports centers, parks, theaters, and museums, audio-video, photographic, and information processing equipment services, gambling, and other recreational services.</Definition></LINE><LINE><Code>77</Code><Description>Membership clubs, sports centers, parks, theaters, and museums</Description></LINE><LINE><Code>78</Code><Description>Audio-video, photographic, and information processing equipment services</Description></LINE><LINE><Code>79</Code><Description>Gambling</Description></LINE><LINE><Code>80</Code><Description>Other recreational services</Description></LINE><LINE><Code>81</Code><Description>Food services and accommodations</Description><Definition>Spending on food services and accommodations. Food services consist of purchased meals and beverages and food furnished to employees (including military).</Definition></LINE><LINE><Code>82</Code><Description>Food services</Description></LINE><LINE><Code>83</Code><Description>Purchased meals and beverages</Description></LINE><LINE><Code>84</Code><Description>Food furnished to employees (including military)</Description></LINE><LINE><Code>85</Code><Description>Accommodations</Description></LINE><LINE><Code>86</Code><Description>Financial services and insurance</Description><Definition>Spending on financial services and insurance. Financial services consist of financial services furnished without payment, and financial service charges, fees, and commissions. Insurance consists of life insurance, net household insurance, net health insurance, net motor vehicle and other transportation insurance.</Definition></LINE><LINE><Code>87</Code><Description>Financial services</Description></LINE><LINE><Code>88</Code><Description>Financial services furnished without payment</Description></LINE><LINE><Code>89</Code><Description>Financial service charges, fees, and commissions</Description></LINE><LINE><Code>90</Code><Description>Insurance</Description></LINE><LINE><Code>91</Code><Description>Life insurance</Description></LINE><LINE><Code>92</Code><Description>Net household insurance</Description></LINE><LINE><Code>93</Code><Description>Net health insurance</Description></LINE><LINE><Code>94</Code><Description>Net motor vehicle and other transportation insurance</Description></LINE><LINE><Code>95</Code><Description>Other services</Description><Definition>Spending on communication, education services, professional and other services, personal care and clothing services, social services and religious activities, household maintenance, and net foreign travel.</Definition></LINE><LINE><Code>96</Code><Description>Communication</Description></LINE><LINE><Code>97</Code><Description>Telecommunication services</Description></LINE><LINE><Code>98</Code><Description>Postal and delivery services</Description></LINE><LINE><Code>99</Code><Description>Internet access</Description></LINE><LINE><Code>100</Code><Description>Education services</Description></LINE><LINE><Code>101</Code><Description>Higher education</Description></LINE><LINE><Code>102</Code><Description>Nursery, elementary, and secondary schools</Description></LINE><LINE><Code>103</Code><Description>Commercial and vocational schools</Description></LINE><LINE><Code>104</Code><Description>Professional and other services</Description></LINE><LINE><Code>105</Code><Description>Personal care and clothing services</Description></LINE><LINE><Code>106</Code><Description>Social services and religious activities</Description></LINE><LINE><Code>107</Code><Description>Household maintenance</Description></LINE><LINE><Code>108</Code><Description>Net foreign travel</Description></LINE><LINE><Code>109</Code><Description>Foreign travel by U.S. residents</Description></LINE><LINE><Code>110</Code><Description>Less: Expenditures in the United States by nonresidents</Description></LINE><LINE><Code>111</Code><Description>Final consumption expenditures of nonprofit institutions serving households (NPISHs)</Description><Definition>Net expenses of NPISHs, defined as their gross operating expenses less primary sales to households.</Definition></LINE><LINE><Code>112</Code><Description>Gross output of nonprofit institutions</Description><Definition>Gross output is net of unrelated sales, secondary sales, and sales to business, government, and the rest of the world; excludes own-account investment (construction and software).</Definition></LINE><LINE><Code>113</Code><Description>Less: Receipts from sales of goods and services by nonprofit institutions</Description><Definition>Receipts from sales of goods and services by NPISHs. Excludes unrelated sales, secondary sales, and sales to business, government, and the rest of the world; includes membership dues and fees.</Definition></LINE></TABLE_DEFINITIONS>
