GeoFIPS,GeoName,Region,TableName,LineCode,IndustryClassification,Description,Unit,1997,1998,1999,2000,2001,2002,2003,2004,2005,2006,2007,2008,2009,2010,2011,2012,2013,2014,2015,2016,2017,2018,2019,2020,2021
 "15000","Hawaii",8,SAGDP5N,1,"...","All industry total ","Thousands of dollars",-185444,-164695,-151229,-154098,-260569,-152565,-214091,-165422,-208641,-199864,-199240,-205534,-243629,-224417,-246763,-239724,-239673,-254655,-251915,-247692,-241159,-247087,-258724,-3859201,-3278427
 "15000","Hawaii",8,SAGDP5N,2,"..."," Private industries ","Thousands of dollars",-90021,-87148,-80765,-86156,-192583,-75215,-141753,-98244,-136349,-125979,-119482,-126127,-147168,-137775,-150745,-149462,-148712,-151872,-148306,-147621,-143391,-137211,-144881,-3645697,-3070171
 "15000","Hawaii",8,SAGDP5N,3,"11","  Agriculture, forestry, fishing and hunting ","Thousands of dollars",-470,-196,-708,-10252,-3439,-1661,-1272,-2041,-4052,-3243,-5472,-7129,-11434,-13727,-14312,-9428,-10655,-18847,-19672,-10035,-9485,-11913,-13154,-85743,-41800
 "15000","Hawaii",8,SAGDP5N,4,"111-112","   Farms ","Thousands of dollars",-470,-196,-708,-10252,-3439,-1661,-1272,-2041,-4052,-3243,-5472,-7129,-11434,-13727,-14312,-9428,-10655,-18847,-19672,-10035,-9485,-11913,-13154,-80735,-39134
 "15000","Hawaii",8,SAGDP5N,5,"113-115","   Forestry, fishing, and related activities ","Thousands of dollars",0,0,0,0,0,0,0,0,0,0,0,0,0,0,0,0,0,0,0,0,0,0,0,-5008,-2666
 "15000","Hawaii",8,SAGDP5N,6,"21","  Mining, quarrying, and oil and gas extraction ","Thousands of dollars",0,0,0,0,0,0,0,0,0,0,0,0,0,0,0,0,0,0,0,0,0,0,0,-469,-150
 "15000","Hawaii",8,SAGDP5N,7,"211","   Oil and gas extraction ","Thousands of dollars",0,0,0,0,0,0,0,0,0,0,0,0,0,0,0,0,0,0,0,0,0,0,0,0,0
 "15000","Hawaii",8,SAGDP5N,8,"212","   Mining (except oil and gas) ","Thousands of dollars",0,0,0,0,0,0,0,0,0,0,0,0,0,0,0,0,0,0,0,0,0,0,0,-212,0
 "15000","Hawaii",8,SAGDP5N,9,"213","   Support activities for mining ","Thousands of dollars",0,0,0,0,0,0,0,0,0,0,0,0,0,0,0,0,0,0,0,0,0,0,0,-257,-150
 "15000","Hawaii",8,SAGDP5N,10,"22","  Utilities ","Thousands of dollars",0,0,0,0,0,0,0,0,0,0,0,0,0,0,0,0,0,0,0,0,0,0,0,-6956,-6085
 "15000","Hawaii",8,SAGDP5N,11,"23","  Construction ","Thousands of dollars",0,0,0,0,0,0,0,0,0,0,0,0,0,0,0,0,0,0,0,0,0,0,0,-445853,-223128
 "15000","Hawaii",8,SAGDP5N,12,"31-33","  Manufacturing ","Thousands of dollars",0,0,0,0,0,0,0,0,0,-8,-6,-9,-128,-491,-314,-750,-160,-590,-34,-37,-49,-49,-50,-109979,-60329
 "15000","Hawaii",8,SAGDP5N,13,"321,327-339","   Durable goods manufacturing ","Thousands of dollars",0,0,0,0,0,0,0,0,0,0,0,-5,-19,-54,-118,-62,-11,-7,-9,-11,-16,-15,-17,-47829,-32384
 "15000","Hawaii",8,SAGDP5N,14,"321","    Wood product manufacturing ","Thousands of dollars",0,0,0,0,0,0,0,0,0,0,0,0,0,0,0,0,0,0,0,0,0,0,0,-2972,-925
 "15000","Hawaii",8,SAGDP5N,15,"327","    Nonmetallic mineral product manufacturing ","Thousands of dollars",0,0,0,0,0,0,0,0,0,0,0,0,0,0,0,0,0,0,0,0,0,0,0,-15991,-9930
 "15000","Hawaii",8,SAGDP5N,16,"331","    Primary metal manufacturing ","Thousands of dollars",0,0,0,0,0,0,0,0,0,0,0,0,0,0,0,0,0,0,0,0,0,0,0,-463,-379
 "15000","Hawaii",8,SAGDP5N,17,"332","    Fabricated metal product manufacturing ","Thousands of dollars",0,0,0,0,0,0,0,0,0,0,0,0,0,0,0,0,0,0,0,0,0,0,0,-3693,-2634
 "15000","Hawaii",8,SAGDP5N,18,"333","    Machinery manufacturing ","Thousands of dollars",0,0,0,0,0,0,0,0,0,0,0,0,0,0,0,0,0,0,0,0,0,0,0,-1309,-1907
 "15000","Hawaii",8,SAGDP5N,19,"334","    Computer and electronic product manufacturing ","Thousands of dollars",0,0,0,0,0,0,0,0,0,0,0,0,0,0,0,0,0,0,0,0,0,0,0,-2472,-1979
 "15000","Hawaii",8,SAGDP5N,20,"335","    Electrical equipment, appliance, and component manufacturing ","Thousands of dollars",0,0,0,0,0,0,0,0,0,0,0,-5,-19,-54,-118,-62,-11,-7,-9,-11,-16,-15,-17,-2502,-1105
 "15000","Hawaii",8,SAGDP5N,21,"3361-3363","    Motor vehicles, bodies and trailers, and parts manufacturing ","Thousands of dollars",0,0,0,0,0,0,0,0,0,0,0,0,0,0,0,0,0,0,0,0,0,0,0,-251,-369
 "15000","Hawaii",8,SAGDP5N,22,"3364-3369","    Other transportation equipment manufacturing ","Thousands of dollars",0,0,0,0,0,0,0,0,0,0,0,0,0,0,0,0,0,0,0,0,0,0,0,-7094,-6143
 "15000","Hawaii",8,SAGDP5N,23,"337","    Furniture and related product manufacturing ","Thousands of dollars",0,0,0,0,0,0,0,0,0,0,0,0,0,0,0,0,0,0,0,0,0,0,0,-4956,-1253
 "15000","Hawaii",8,SAGDP5N,24,"339","    Miscellaneous manufacturing ","Thousands of dollars",0,0,0,0,0,0,0,0,0,0,0,0,0,0,0,0,0,0,0,0,0,0,0,-6126,-5760
 "15000","Hawaii",8,SAGDP5N,25,"311-316,322-326","   Nondurable goods manufacturing ","Thousands of dollars",0,0,0,0,0,0,0,0,0,-8,-6,-5,-109,-437,-197,-687,-150,-583,-25,-26,-34,-34,-33,-62150,-27944
 "15000","Hawaii",8,SAGDP5N,26,"311-312","    Food and beverage and tobacco product manufacturing ","Thousands of dollars",0,0,0,0,0,0,0,0,0,0,0,0,0,0,0,0,0,0,0,0,0,0,0,-42555,-16086
 "15000","Hawaii",8,SAGDP5N,27,"313-314","    Textile mills and textile product mills ","Thousands of dollars",0,0,0,0,0,0,0,0,0,-8,-6,-5,-6,-4,-4,-4,-3,-3,-22,-23,-31,-30,-30,-1102,-1412
 "15000","Hawaii",8,SAGDP5N,28,"315-316","    Apparel, leather, and allied product manufacturing ","Thousands of dollars",0,0,0,0,0,0,0,0,0,0,0,0,0,0,0,0,0,0,0,0,0,0,0,-2966,-2040
 "15000","Hawaii",8,SAGDP5N,29,"322","    Paper manufacturing ","Thousands of dollars",0,0,0,0,0,0,0,0,0,0,0,0,0,0,0,0,0,0,0,0,0,0,0,-18,-9
 "15000","Hawaii",8,SAGDP5N,30,"323","    Printing and related support activities ","Thousands of dollars",0,0,0,0,0,0,0,0,0,0,0,0,0,0,0,0,0,0,0,0,0,0,0,-9341,-4412
 "15000","Hawaii",8,SAGDP5N,31,"324","    Petroleum and coal products manufacturing ","Thousands of dollars",0,0,0,0,0,0,0,0,0,0,0,0,-100,-430,-127,-662,-115,-570,0,0,0,0,0,-888,-394
 "15000","Hawaii",8,SAGDP5N,32,"325","    Chemical manufacturing ","Thousands of dollars",0,0,0,0,0,0,0,0,0,0,0,0,-3,-3,-65,-22,-31,-10,-2,-3,-3,-4,-3,-3926,-3391
 "15000","Hawaii",8,SAGDP5N,33,"326","    Plastics and rubber products manufacturing ","Thousands of dollars",0,0,0,0,0,0,0,0,0,0,0,0,0,0,0,0,0,0,0,0,0,0,0,-1353,-201
 "15000","Hawaii",8,SAGDP5N,34,"42","  Wholesale trade ","Thousands of dollars",0,0,0,0,0,0,0,0,0,0,0,0,0,0,0,0,0,0,0,0,0,0,0,-126655,-38013
 "15000","Hawaii",8,SAGDP5N,35,"44-45","  Retail trade ","Thousands of dollars",0,0,0,0,0,0,0,0,0,0,0,0,-12730,-1366,-13,0,0,0,0,0,0,0,0,-249595,-83723
 "15000","Hawaii",8,SAGDP5N,36,"48-49","  Transportation and warehousing ","Thousands of dollars",-1998,-762,-324,-746,-120285,-7710,-61968,-12484,-11272,-17997,-12808,-8282,-10767,-7939,-9575,-15813,-8193,-6433,-6363,-9931,-7875,-6892,-9634,-712911,-1143973
 "15000","Hawaii",8,SAGDP5N,37,"481","   Air transportation ","Thousands of dollars",-468,23,0,-23,-117598,-3742,-58822,-398,-1427,-2175,-2199,-3298,-3999,-4795,-5520,-6058,-5473,-5122,-5613,-7117,-7002,-6444,-9317,-608315,-1112360
 "15000","Hawaii",8,SAGDP5N,38,"482","   Rail transportation ","Thousands of dollars",0,0,0,0,0,0,0,0,0,0,0,0,0,0,0,0,0,0,0,0,0,0,0,0,0
 "15000","Hawaii",8,SAGDP5N,39,"483","   Water transportation ","Thousands of dollars",-1530,-785,-324,-722,-2687,-3967,-3140,-12052,-9810,-15729,-10585,-4959,-6756,-3145,-4055,-9755,-2720,-1311,-750,-2813,-873,-448,-317,-1740,-7725
 "15000","Hawaii",8,SAGDP5N,40,"484","   Truck transportation ","Thousands of dollars",0,0,0,0,0,0,-5,-35,-35,-92,-24,-25,-11,0,0,0,0,0,0,0,0,0,0,-31190,-3137
 "15000","Hawaii",8,SAGDP5N,41,"485","   Transit and ground passenger transportation ","Thousands of dollars",0,0,0,0,0,0,0,0,0,0,0,0,0,0,0,0,0,0,0,0,0,0,0,-11289,-12825
 "15000","Hawaii",8,SAGDP5N,42,"486","   Pipeline transportation ","Thousands of dollars",0,0,0,0,0,0,0,0,0,0,0,0,0,0,0,0,0,0,0,0,0,0,0,0,0
 "15000","Hawaii",8,SAGDP5N,43,"487-488, 492","   Other transportation and support activities ","Thousands of dollars",0,0,0,0,0,0,0,0,0,0,0,0,0,0,0,0,0,0,0,0,0,0,0,-58187,-7417
 "15000","Hawaii",8,SAGDP5N,44,"493","   Warehousing and storage ","Thousands of dollars",0,0,0,0,0,0,0,0,0,0,0,0,0,0,0,0,0,0,0,0,0,0,0,-2191,-510
 "15000","Hawaii",8,SAGDP5N,45,"51","  Information ","Thousands of dollars",0,0,0,0,0,0,0,0,0,0,0,0,-142,-397,-1676,-2375,-1307,-323,-344,18,-39,-18,-20,-26610,-29286
 "15000","Hawaii",8,SAGDP5N,46,"511","   Publishing industries (except Internet) ","Thousands of dollars",0,0,0,0,0,0,0,0,0,0,0,0,0,0,0,0,0,0,0,0,0,0,0,-15263,-3973
 "15000","Hawaii",8,SAGDP5N,47,"512","   Motion picture and sound recording industries ","Thousands of dollars",0,0,0,0,0,0,0,0,0,0,0,0,0,0,0,0,0,0,0,0,0,0,0,-3249,-21717
 "15000","Hawaii",8,SAGDP5N,48,"515, 517","   Broadcasting (except Internet) and telecommunications ","Thousands of dollars",0,0,0,0,0,0,0,0,0,0,0,0,-142,-397,-1676,-2375,-1307,-323,-344,18,-39,-18,-20,-5068,-2251
 "15000","Hawaii",8,SAGDP5N,49,"518, 519","   Data processing, hosting, and other information services ","Thousands of dollars",0,0,0,0,0,0,0,0,0,0,0,0,0,0,0,0,0,0,0,0,0,0,0,-3029,-1344
 "15000","Hawaii",8,SAGDP5N,50,"52, 53","  Finance, insurance, real estate, rental, and leasing ","Thousands of dollars",-87554,-86189,-79732,-75158,-68859,-65845,-78513,-83718,-121024,-104731,-101197,-110707,-111968,-111852,-109893,-112441,-117518,-114639,-114899,-123378,-124510,-118293,-121977,-304960,-220970
 "15000","Hawaii",8,SAGDP5N,51,"52","   Finance and insurance ","Thousands of dollars",-61,-107,-142,-212,-182,-356,-147,-124,-200,-120,-179,-293,-452,-966,-1213,-1506,-898,-1158,-889,-979,-1142,-1202,-1056,-32645,-12713
 "15000","Hawaii",8,SAGDP5N,52,"521-522","    Monetary Authorities- central bank, credit intermediation, and related services ","Thousands of dollars",-61,-107,-142,-212,-182,-356,-147,-124,-200,-120,-179,-293,-452,-966,-1213,-1506,-898,-1158,-889,-979,-1142,-1202,-1056,-4692,-5090
 "15000","Hawaii",8,SAGDP5N,53,"523","    Securities, commodity contracts, and other financial investments and related activities ","Thousands of dollars",0,0,0,0,0,0,0,0,0,0,0,0,0,0,0,0,0,0,0,0,0,0,0,-5986,-1962
 "15000","Hawaii",8,SAGDP5N,54,"524","    Insurance carriers and related activities ","Thousands of dollars",0,0,0,0,0,0,0,0,0,0,0,0,0,0,0,0,0,0,0,0,0,0,0,-21615,-5594
 "15000","Hawaii",8,SAGDP5N,55,"525","    Funds, trusts, and other financial vehicles ","Thousands of dollars",0,0,0,0,0,0,0,0,0,0,0,0,0,0,0,0,0,0,0,0,0,0,0,-353,-67
 "15000","Hawaii",8,SAGDP5N,56,"53","   Real estate and rental and leasing ","Thousands of dollars",-87493,-86083,-79591,-74947,-68677,-65489,-78366,-83594,-120825,-104611,-101018,-110414,-111515,-110886,-108680,-110936,-116620,-113481,-114010,-122399,-123368,-117090,-120921,-272315,-208257
 "15000","Hawaii",8,SAGDP5N,57,"531","    Real estate ","Thousands of dollars",-87493,-86083,-79591,-74947,-68677,-65489,-78366,-83594,-120825,-104611,-101018,-110414,-111515,-110886,-108680,-110936,-116620,-113481,-114010,-122399,-123368,-117090,-120921,-252890,-199168
 "15000","Hawaii",8,SAGDP5N,58,"532-533","    Rental and leasing services and lessors of nonfinancial intangible assets ","Thousands of dollars",0,0,0,0,0,0,0,0,0,0,0,0,0,0,0,0,0,0,0,0,0,0,0,-19425,-9090
 "15000","Hawaii",8,SAGDP5N,59,"54, 55, 56","  Professional and business services ","Thousands of dollars",0,0,0,0,0,0,0,0,0,0,0,0,0,0,0,0,0,0,0,0,0,0,0,-433561,-171474
 "15000","Hawaii",8,SAGDP5N,60,"54","   Professional, scientific, and technical services ","Thousands of dollars",0,0,0,0,0,0,0,0,0,0,0,0,0,0,0,0,0,0,0,0,0,0,0,-269248,-118991
 "15000","Hawaii",8,SAGDP5N,61,"5411","    Legal services ","Thousands of dollars",0,0,0,0,0,0,0,0,0,0,0,0,0,0,0,0,0,0,0,0,0,0,0,-50595,-23668
 "15000","Hawaii",8,SAGDP5N,62,"5415","    Computer systems design and related services ","Thousands of dollars",0,0,0,0,0,0,0,0,0,0,0,0,0,0,0,0,0,0,0,0,0,0,0,-22768,-14276
 "15000","Hawaii",8,SAGDP5N,63,"5412-5414, 5416-5419","    Miscellaneous professional, scientific, and technical services ","Thousands of dollars",0,0,0,0,0,0,0,0,0,0,0,0,0,0,0,0,0,0,0,0,0,0,0,-195885,-81047
 "15000","Hawaii",8,SAGDP5N,64,"55","   Management of companies and enterprises ","Thousands of dollars",0,0,0,0,0,0,0,0,0,0,0,0,0,0,0,0,0,0,0,0,0,0,0,-4889,-1925
 "15000","Hawaii",8,SAGDP5N,65,"56","   Administrative and support and waste management and remediation services ","Thousands of dollars",0,0,0,0,0,0,0,0,0,0,0,0,0,0,0,0,0,0,0,0,0,0,0,-159424,-50559
 "15000","Hawaii",8,SAGDP5N,66,"561","    Administrative and support services ","Thousands of dollars",0,0,0,0,0,0,0,0,0,0,0,0,0,0,0,0,0,0,0,0,0,0,0,-134792,-44050
 "15000","Hawaii",8,SAGDP5N,67,"562","    Waste management and remediation services ","Thousands of dollars",0,0,0,0,0,0,0,0,0,0,0,0,0,0,0,0,0,0,0,0,0,0,0,-24632,-6509
 "15000","Hawaii",8,SAGDP5N,68,"61, 62","  Educational services, health care, and social assistance ","Thousands of dollars",0,0,0,0,0,0,0,0,0,0,0,0,0,-2003,-14962,-8654,-10878,-11040,-6995,-4258,-1433,-47,-47,-430134,-308789
 "15000","Hawaii",8,SAGDP5N,69,"61","   Educational services ","Thousands of dollars",0,0,0,0,0,0,0,0,0,0,0,0,0,0,0,0,0,0,0,0,0,0,0,-22403,-19489
 "15000","Hawaii",8,SAGDP5N,70,"62","   Health care and social assistance ","Thousands of dollars",0,0,0,0,0,0,0,0,0,0,0,0,0,-2003,-14962,-8654,-10878,-11040,-6995,-4258,-1433,-47,-47,-407731,-289300
 "15000","Hawaii",8,SAGDP5N,71,"621","    Ambulatory health care services ","Thousands of dollars",0,0,0,0,0,0,0,0,0,0,0,0,0,0,0,0,0,0,0,0,0,0,0,-299318,-182924
 "15000","Hawaii",8,SAGDP5N,72,"622","    Hospitals ","Thousands of dollars",0,0,0,0,0,0,0,0,0,0,0,0,0,-2003,-14962,-8654,-10878,-11040,-6995,-4258,-1433,-47,-47,-48147,-65224
 "15000","Hawaii",8,SAGDP5N,73,"623","    Nursing and residential care facilities ","Thousands of dollars",0,0,0,0,0,0,0,0,0,0,0,0,0,0,0,0,0,0,0,0,0,0,0,-27785,-13102
 "15000","Hawaii",8,SAGDP5N,74,"624","    Social assistance ","Thousands of dollars",0,0,0,0,0,0,0,0,0,0,0,0,0,0,0,0,0,0,0,0,0,0,0,-32481,-28051
 "15000","Hawaii",8,SAGDP5N,75,"71, 72","  Arts, entertainment, recreation, accommodation, and food services ","Thousands of dollars",0,0,0,0,0,0,0,0,0,0,0,0,0,0,0,0,0,0,0,0,0,0,0,-604872,-685742
 "15000","Hawaii",8,SAGDP5N,76,"71","   Arts, entertainment, and recreation ","Thousands of dollars",0,0,0,0,0,0,0,0,0,0,0,0,0,0,0,0,0,0,0,0,0,0,0,-48429,-63530
 "15000","Hawaii",8,SAGDP5N,77,"711-712","    Performing arts, spectator sports, museums, and related activities ","Thousands of dollars",0,0,0,0,0,0,0,0,0,0,0,0,0,0,0,0,0,0,0,0,0,0,0,-9481,-37058
 "15000","Hawaii",8,SAGDP5N,78,"713","    Amusement, gambling, and recreation industries ","Thousands of dollars",0,0,0,0,0,0,0,0,0,0,0,0,0,0,0,0,0,0,0,0,0,0,0,-38948,-26473
 "15000","Hawaii",8,SAGDP5N,79,"72","   Accommodation and food services ","Thousands of dollars",0,0,0,0,0,0,0,0,0,0,0,0,0,0,0,0,0,0,0,0,0,0,0,-556443,-622211
 "15000","Hawaii",8,SAGDP5N,80,"721","    Accommodation ","Thousands of dollars",0,0,0,0,0,0,0,0,0,0,0,0,0,0,0,0,0,0,0,0,0,0,0,-153965,-109475
 "15000","Hawaii",8,SAGDP5N,81,"722","    Food services and drinking places ","Thousands of dollars",0,0,0,0,0,0,0,0,0,0,0,0,0,0,0,0,0,0,0,0,0,0,0,-402478,-512736
 "15000","Hawaii",8,SAGDP5N,82,"81","  Other services (except government and government enterprises) ","Thousands of dollars",0,0,0,0,0,0,0,0,0,0,0,0,0,0,0,0,0,0,0,0,0,0,0,-107396,-56708
 "15000","Hawaii",8,SAGDP5N,83,"..."," Government and government enterprises ","Thousands of dollars",-95422,-77547,-70464,-67943,-67985,-77349,-72338,-67178,-72292,-73886,-79758,-79407,-96461,-86642,-96018,-90262,-90961,-102783,-103609,-100071,-97769,-109876,-113843,-213504,-208257
 "15000","Hawaii",8,SAGDP5N,84,"...","  Federal civilian ","Thousands of dollars",-594,-473,-674,-894,-748,-876,-733,-676,-620,-632,-826,-980,-854,-738,-651,-861,-1060,-1301,-1123,-923,-685,-780,-895,-1102,-1425
 "15000","Hawaii",8,SAGDP5N,85,"...","  Military ","Thousands of dollars",0,0,0,0,0,0,0,0,0,0,0,0,0,0,0,0,0,0,0,0,0,0,0,0,0
 "15000","Hawaii",8,SAGDP5N,86,"...","  State and local ","Thousands of dollars",-94829,-77074,-69791,-67048,-67238,-76473,-71605,-66503,-71672,-73254,-78933,-78427,-95608,-85904,-95367,-89401,-89900,-101482,-102486,-99147,-97084,-109096,-112948,-212402,-206832
 "15000","Hawaii",8,SAGDP5N,87,"11, 21","Natural resources and mining ","Thousands of dollars",-470,-196,-708,-10252,-3439,-1661,-1272,-2041,-4052,-3243,-5472,-7129,-11434,-13727,-14312,-9428,-10655,-18847,-19672,-10035,-9485,-11913,-13154,-86213,-41950
 "15000","Hawaii",8,SAGDP5N,88,"42, 44-45","Trade ","Thousands of dollars",0,0,0,0,0,0,0,0,0,0,0,0,-12730,-1366,-13,0,0,0,0,0,0,0,0,-376250,-121736
 "15000","Hawaii",8,SAGDP5N,89,"22, 48-49","Transportation and utilities ","Thousands of dollars",-1998,-762,-324,-746,-120285,-7710,-61968,-12484,-11272,-17997,-12808,-8282,-10767,-7939,-9575,-15813,-8193,-6433,-6363,-9931,-7875,-6892,-9634,-719867,-1150059
 "15000","Hawaii",8,SAGDP5N,90,"31-33, 51","Manufacturing and information ","Thousands of dollars",0,0,0,0,0,0,0,0,0,-8,-6,-9,-270,-889,-1990,-3125,-1467,-913,-377,-20,-88,-67,-70,-136589,-89614
 "15000","Hawaii",8,SAGDP5N,91,"...","Private goods-producing industries 2/","Thousands of dollars",-470,-196,-708,-10252,-3439,-1661,-1272,-2041,-4052,-3251,-5477,-7138,-11562,-14218,-14627,-10178,-10816,-19437,-19705,-10072,-9534,-11962,-13204,-642045,-325407
 "15000","Hawaii",8,SAGDP5N,92,"...","Private services-providing industries 3/","Thousands of dollars",-89552,-86951,-80057,-75904,-189144,-73554,-140481,-96203,-132297,-122728,-114005,-118989,-135606,-123557,-136118,-139283,-137896,-132435,-128601,-137549,-133857,-125249,-131678,-3003652,-2744764
"Note: See the included footnote file."
"SAGDP5N: Subsidies 1/"
"Last updated: September 30, 2022-- new statistics for 2021; revised statistics for 2017-2020."
"U.S. Bureau of Economic Analysis"
