GeoFIPS,GeoName,Region,TableName,LineCode,IndustryClassification,Description,Unit,1997,1998,1999,2000,2001,2002,2003,2004,2005,2006,2007,2008,2009,2010,2011,2012,2013,2014,2015,2016,2017,2018,2019,2020,2021
 "37000","North Carolina",5,SAGDP5N,1,"...","All industry total ","Thousands of dollars",-530526,-561665,-757327,-894944,-1006991,-883405,-1003366,-876261,-1851530,-1399883,-1245566,-1217680,-1386827,-1362934,-1492200,-1530867,-1506089,-1439354,-1188770,-1312784,-1293379,-1248007,-1563801,-14999034,-10858705
 "37000","North Carolina",5,SAGDP5N,2,"..."," Private industries ","Thousands of dollars",-365421,-412553,-591751,-720539,-810027,-649390,-749404,-603674,-1571723,-1120954,-958175,-914601,-1059687,-1056121,-1147609,-1117479,-1068000,-982331,-750715,-844700,-827668,-753082,-1047986,-14098871,-9928942
 "37000","North Carolina",5,SAGDP5N,3,"11","  Agriculture, forestry, fishing and hunting ","Thousands of dollars",-74418,-110062,-250812,-385979,-365856,-294698,-312039,-178809,-1023763,-630845,-508377,-438308,-388103,-372069,-339721,-354477,-333175,-264455,-72171,-150346,-128437,-91418,-372785,-779643,-412299
 "37000","North Carolina",5,SAGDP5N,4,"111-112","   Farms ","Thousands of dollars",-74418,-110062,-250812,-385979,-365856,-294698,-312039,-178809,-1023763,-630845,-508377,-438308,-388103,-372069,-339721,-354477,-333175,-264455,-72171,-150346,-128437,-91418,-372785,-730991,-394118
 "37000","North Carolina",5,SAGDP5N,5,"113-115","   Forestry, fishing, and related activities ","Thousands of dollars",0,0,0,0,0,0,0,0,0,0,0,0,0,0,0,0,0,0,0,0,0,0,0,-48652,-18181
 "37000","North Carolina",5,SAGDP5N,6,"21","  Mining, quarrying, and oil and gas extraction ","Thousands of dollars",0,0,0,0,0,0,0,0,0,0,0,0,0,0,0,0,0,0,0,0,0,0,0,-43590,-17587
 "37000","North Carolina",5,SAGDP5N,7,"211","   Oil and gas extraction ","Thousands of dollars",0,0,0,0,0,0,0,0,0,0,0,0,0,0,0,0,0,0,0,0,0,0,0,-884,-5
 "37000","North Carolina",5,SAGDP5N,8,"212","   Mining (except oil and gas) ","Thousands of dollars",0,0,0,0,0,0,0,0,0,0,0,0,0,0,0,0,0,0,0,0,0,0,0,-23360,-8060
 "37000","North Carolina",5,SAGDP5N,9,"213","   Support activities for mining ","Thousands of dollars",0,0,0,0,0,0,0,0,0,0,0,0,0,0,0,0,0,0,0,0,0,0,0,-19346,-9521
 "37000","North Carolina",5,SAGDP5N,10,"22","  Utilities ","Thousands of dollars",0,0,0,0,0,0,0,0,0,0,0,0,0,0,0,0,0,0,0,0,0,0,0,-30549,-7997
 "37000","North Carolina",5,SAGDP5N,11,"23","  Construction ","Thousands of dollars",0,0,0,0,0,0,0,0,0,0,0,0,0,0,0,0,0,0,0,0,0,0,0,-1251214,-723497
 "37000","North Carolina",5,SAGDP5N,12,"31-33","  Manufacturing ","Thousands of dollars",0,0,0,0,0,0,0,0,0,-1681,-734,-8308,-24884,-74553,-103046,-63383,-31952,-25153,-24586,-21791,-22247,-21496,-24208,-1465199,-718448
 "37000","North Carolina",5,SAGDP5N,13,"321,327-339","   Durable goods manufacturing ","Thousands of dollars",0,0,0,0,0,0,0,0,0,0,0,-7603,-22643,-72084,-89930,-58881,-27100,-20242,-19257,-16716,-17603,-16828,-20075,-957622,-467554
 "37000","North Carolina",5,SAGDP5N,14,"321","    Wood product manufacturing ","Thousands of dollars",0,0,0,0,0,0,0,0,0,0,0,0,0,0,0,0,0,0,0,0,0,0,0,-67390,-27592
 "37000","North Carolina",5,SAGDP5N,15,"327","    Nonmetallic mineral product manufacturing ","Thousands of dollars",0,0,0,0,0,0,0,0,0,0,0,0,0,0,0,0,0,0,0,0,0,0,0,-64405,-14757
 "37000","North Carolina",5,SAGDP5N,16,"331","    Primary metal manufacturing ","Thousands of dollars",0,0,0,0,0,0,0,0,0,0,0,0,0,0,0,0,0,0,0,0,0,0,0,-13553,-5171
 "37000","North Carolina",5,SAGDP5N,17,"332","    Fabricated metal product manufacturing ","Thousands of dollars",0,0,0,0,0,0,0,0,0,0,0,0,0,0,0,0,0,0,0,0,0,0,0,-204315,-94599
 "37000","North Carolina",5,SAGDP5N,18,"333","    Machinery manufacturing ","Thousands of dollars",0,0,0,0,0,0,0,0,0,0,0,0,0,0,0,0,0,0,0,0,0,0,0,-123466,-72780
 "37000","North Carolina",5,SAGDP5N,19,"334","    Computer and electronic product manufacturing ","Thousands of dollars",0,0,0,0,0,0,0,0,0,0,0,0,0,0,0,0,0,0,0,0,0,0,0,-56517,-24785
 "37000","North Carolina",5,SAGDP5N,20,"335","    Electrical equipment, appliance, and component manufacturing ","Thousands of dollars",0,0,0,0,0,0,0,0,0,0,0,-7603,-22643,-72084,-89930,-58881,-27100,-20242,-19257,-16716,-17603,-16828,-20075,-42601,-39048
 "37000","North Carolina",5,SAGDP5N,21,"3361-3363","    Motor vehicles, bodies and trailers, and parts manufacturing ","Thousands of dollars",0,0,0,0,0,0,0,0,0,0,0,0,0,0,0,0,0,0,0,0,0,0,0,-45411,-35928
 "37000","North Carolina",5,SAGDP5N,22,"3364-3369","    Other transportation equipment manufacturing ","Thousands of dollars",0,0,0,0,0,0,0,0,0,0,0,0,0,0,0,0,0,0,0,0,0,0,0,-25654,-33459
 "37000","North Carolina",5,SAGDP5N,23,"337","    Furniture and related product manufacturing ","Thousands of dollars",0,0,0,0,0,0,0,0,0,0,0,0,0,0,0,0,0,0,0,0,0,0,0,-178833,-57640
 "37000","North Carolina",5,SAGDP5N,24,"339","    Miscellaneous manufacturing ","Thousands of dollars",0,0,0,0,0,0,0,0,0,0,0,0,0,0,0,0,0,0,0,0,0,0,0,-135478,-61794
 "37000","North Carolina",5,SAGDP5N,25,"311-316,322-326","   Nondurable goods manufacturing ","Thousands of dollars",0,0,0,0,0,0,0,0,0,-1681,-734,-704,-2241,-2469,-13116,-4502,-4852,-4910,-5328,-5075,-4644,-4669,-4134,-507577,-250894
 "37000","North Carolina",5,SAGDP5N,26,"311-312","    Food and beverage and tobacco product manufacturing ","Thousands of dollars",0,0,0,0,0,0,0,0,0,0,0,0,0,0,0,0,0,0,0,0,0,0,0,-95460,-60880
 "37000","North Carolina",5,SAGDP5N,27,"313-314","    Textile mills and textile product mills ","Thousands of dollars",0,0,0,0,0,0,0,0,0,-1681,-734,-704,-950,-823,-730,-785,-764,-745,-4059,-3914,-3821,-3940,-3712,-135050,-43923
 "37000","North Carolina",5,SAGDP5N,28,"315-316","    Apparel, leather, and allied product manufacturing ","Thousands of dollars",0,0,0,0,0,0,0,0,0,0,0,0,0,0,0,0,0,0,0,0,0,0,0,-27243,-20434
 "37000","North Carolina",5,SAGDP5N,29,"322","    Paper manufacturing ","Thousands of dollars",0,0,0,0,0,0,0,0,0,0,0,0,0,0,0,0,0,0,0,0,0,0,0,-13836,-7188
 "37000","North Carolina",5,SAGDP5N,30,"323","    Printing and related support activities ","Thousands of dollars",0,0,0,0,0,0,0,0,0,0,0,0,0,0,0,0,0,0,0,0,0,0,0,-52129,-43085
 "37000","North Carolina",5,SAGDP5N,31,"324","    Petroleum and coal products manufacturing ","Thousands of dollars",0,0,0,0,0,0,0,0,0,0,0,0,-89,-415,-118,-623,-88,-351,0,0,0,0,0,-4170,-1282
 "37000","North Carolina",5,SAGDP5N,32,"325","    Chemical manufacturing ","Thousands of dollars",0,0,0,0,0,0,0,0,0,0,0,0,-1202,-1231,-12268,-3094,-4000,-3814,-1269,-1161,-823,-729,-422,-91666,-40393
 "37000","North Carolina",5,SAGDP5N,33,"326","    Plastics and rubber products manufacturing ","Thousands of dollars",0,0,0,0,0,0,0,0,0,0,0,0,0,0,0,0,0,0,0,0,0,0,0,-88024,-33709
 "37000","North Carolina",5,SAGDP5N,34,"42","  Wholesale trade ","Thousands of dollars",0,0,0,0,0,0,0,0,0,0,0,0,0,0,0,0,0,0,0,0,0,0,0,-651093,-244248
 "37000","North Carolina",5,SAGDP5N,35,"44-45","  Retail trade ","Thousands of dollars",0,0,0,0,0,0,0,0,0,0,0,0,-83093,-8942,-84,0,0,0,0,0,0,0,0,-1147195,-690535
 "37000","North Carolina",5,SAGDP5N,36,"48-49","  Transportation and warehousing ","Thousands of dollars",-15593,-11464,-13131,-14123,-126827,-29620,-69398,-19079,-21291,-32594,-24314,-31281,-44518,-49686,-43201,-45032,-40530,-38000,-39885,-39307,-41519,-47492,-43580,-999507,-857976
 "37000","North Carolina",5,SAGDP5N,37,"481","   Air transportation ","Thousands of dollars",-440,22,0,-22,-110734,-3524,-55389,-374,-1343,-2048,-2070,-3105,-3766,-4515,-5198,-5704,-5153,-4823,-5286,-4859,-5300,-4869,-6455,-601359,-573348
 "37000","North Carolina",5,SAGDP5N,38,"482","   Rail transportation ","Thousands of dollars",-13126,-10479,-12585,-12735,-11042,-14311,-12650,-15761,-18195,-19594,-17032,-23160,-31025,-41409,-34162,-32789,-33787,-32466,-34488,-34255,-36167,-42591,-37100,-81296,-108196
 "37000","North Carolina",5,SAGDP5N,39,"483","   Water transportation ","Thousands of dollars",-2026,-1007,-547,-1367,-5051,-11785,-1265,-2318,-1170,-9386,-4818,-4607,-9560,-3763,-3842,-6539,-1589,-711,-112,-193,-53,-32,-25,-232,-1148
 "37000","North Carolina",5,SAGDP5N,40,"484","   Truck transportation ","Thousands of dollars",0,0,0,0,0,0,-94,-625,-583,-1566,-394,-408,-167,0,0,0,0,0,0,0,0,0,0,-194320,-85976
 "37000","North Carolina",5,SAGDP5N,41,"485","   Transit and ground passenger transportation ","Thousands of dollars",0,0,0,0,0,0,0,0,0,0,0,0,0,0,0,0,0,0,0,0,0,0,0,-11788,-36467
 "37000","North Carolina",5,SAGDP5N,42,"486","   Pipeline transportation ","Thousands of dollars",0,0,0,0,0,0,0,0,0,0,0,0,0,0,0,0,0,0,0,0,0,0,0,-10439,-22
 "37000","North Carolina",5,SAGDP5N,43,"487-488, 492","   Other transportation and support activities ","Thousands of dollars",0,0,0,0,0,0,0,0,0,0,0,0,0,0,0,0,0,0,0,0,0,0,0,-80098,-47949
 "37000","North Carolina",5,SAGDP5N,44,"493","   Warehousing and storage ","Thousands of dollars",0,0,0,0,0,0,0,0,0,0,0,0,0,0,0,0,0,0,0,0,0,0,0,-19974,-4871
 "37000","North Carolina",5,SAGDP5N,45,"51","  Information ","Thousands of dollars",0,0,0,0,0,0,0,0,0,0,0,0,-886,-2575,-11578,-16959,-9276,-2249,-2364,132,-286,-132,-160,-153412,-95993
 "37000","North Carolina",5,SAGDP5N,46,"511","   Publishing industries (except Internet) ","Thousands of dollars",0,0,0,0,0,0,0,0,0,0,0,0,0,0,0,0,0,0,0,0,0,0,0,-51038,-45980
 "37000","North Carolina",5,SAGDP5N,47,"512","   Motion picture and sound recording industries ","Thousands of dollars",0,0,0,0,0,0,0,0,0,0,0,0,0,0,0,0,0,0,0,0,0,0,0,-11619,-13310
 "37000","North Carolina",5,SAGDP5N,48,"515, 517","   Broadcasting (except Internet) and telecommunications ","Thousands of dollars",0,0,0,0,0,0,0,0,0,0,0,0,-886,-2575,-11578,-16959,-9276,-2249,-2364,132,-286,-132,-160,-38968,-19791
 "37000","North Carolina",5,SAGDP5N,49,"518, 519","   Data processing, hosting, and other information services ","Thousands of dollars",0,0,0,0,0,0,0,0,0,0,0,0,0,0,0,0,0,0,0,0,0,0,0,-51787,-16912
 "37000","North Carolina",5,SAGDP5N,50,"52, 53","  Finance, insurance, real estate, rental, and leasing ","Thousands of dollars",-275410,-291026,-327808,-320437,-317344,-325072,-367967,-405786,-526669,-455834,-424750,-436704,-518203,-536207,-553656,-579409,-582314,-588207,-574699,-611603,-627100,-592278,-606981,-1341696,-1160838
 "37000","North Carolina",5,SAGDP5N,51,"52","   Finance and insurance ","Thousands of dollars",-1262,-1759,-5182,-5243,-7337,-9142,-4149,-4259,-7980,-3877,-3583,-11414,-36573,-66667,-58572,-72994,-58541,-74230,-54258,-49692,-37606,-29715,-27688,-235387,-152549
 "37000","North Carolina",5,SAGDP5N,52,"521-522","    Monetary Authorities- central bank, credit intermediation, and related services ","Thousands of dollars",-1262,-1759,-5182,-5243,-7337,-9142,-4149,-4259,-7980,-3877,-3583,-11414,-36573,-66667,-58572,-72994,-58541,-74230,-54258,-49692,-37606,-29715,-27688,-75943,-106810
 "37000","North Carolina",5,SAGDP5N,53,"523","    Securities, commodity contracts, and other financial investments and related activities ","Thousands of dollars",0,0,0,0,0,0,0,0,0,0,0,0,0,0,0,0,0,0,0,0,0,0,0,-48844,-11078
 "37000","North Carolina",5,SAGDP5N,54,"524","    Insurance carriers and related activities ","Thousands of dollars",0,0,0,0,0,0,0,0,0,0,0,0,0,0,0,0,0,0,0,0,0,0,0,-105516,-33294
 "37000","North Carolina",5,SAGDP5N,55,"525","    Funds, trusts, and other financial vehicles ","Thousands of dollars",0,0,0,0,0,0,0,0,0,0,0,0,0,0,0,0,0,0,0,0,0,0,0,-5085,-1367
 "37000","North Carolina",5,SAGDP5N,56,"53","   Real estate and rental and leasing ","Thousands of dollars",-274148,-289268,-322625,-315194,-310007,-315930,-363818,-401527,-518689,-451957,-421167,-425290,-481630,-469540,-495084,-506415,-523773,-513978,-520441,-561911,-589494,-562563,-579293,-1106309,-1008289
 "37000","North Carolina",5,SAGDP5N,57,"531","    Real estate ","Thousands of dollars",-274148,-289268,-322625,-315194,-310007,-315930,-363818,-401527,-518689,-451957,-421167,-425290,-481630,-469540,-495084,-506415,-523773,-513978,-520441,-561911,-589494,-562563,-579293,-1043760,-982508
 "37000","North Carolina",5,SAGDP5N,58,"532-533","    Rental and leasing services and lessors of nonfinancial intangible assets ","Thousands of dollars",0,0,0,0,0,0,0,0,0,0,0,0,0,0,0,0,0,0,0,0,0,0,0,-62550,-25780
 "37000","North Carolina",5,SAGDP5N,59,"54, 55, 56","  Professional and business services ","Thousands of dollars",0,0,0,0,0,0,0,0,0,0,0,0,0,0,0,0,0,0,0,0,0,0,0,-2106411,-893786
 "37000","North Carolina",5,SAGDP5N,60,"54","   Professional, scientific, and technical services ","Thousands of dollars",0,0,0,0,0,0,0,0,0,0,0,0,0,0,0,0,0,0,0,0,0,0,0,-1270024,-572245
 "37000","North Carolina",5,SAGDP5N,61,"5411","    Legal services ","Thousands of dollars",0,0,0,0,0,0,0,0,0,0,0,0,0,0,0,0,0,0,0,0,0,0,0,-200520,-108005
 "37000","North Carolina",5,SAGDP5N,62,"5415","    Computer systems design and related services ","Thousands of dollars",0,0,0,0,0,0,0,0,0,0,0,0,0,0,0,0,0,0,0,0,0,0,0,-179159,-84962
 "37000","North Carolina",5,SAGDP5N,63,"5412-5414, 5416-5419","    Miscellaneous professional, scientific, and technical services ","Thousands of dollars",0,0,0,0,0,0,0,0,0,0,0,0,0,0,0,0,0,0,0,0,0,0,0,-890346,-379278
 "37000","North Carolina",5,SAGDP5N,64,"55","   Management of companies and enterprises ","Thousands of dollars",0,0,0,0,0,0,0,0,0,0,0,0,0,0,0,0,0,0,0,0,0,0,0,-31730,-14592
 "37000","North Carolina",5,SAGDP5N,65,"56","   Administrative and support and waste management and remediation services ","Thousands of dollars",0,0,0,0,0,0,0,0,0,0,0,0,0,0,0,0,0,0,0,0,0,0,0,-804657,-306949
 "37000","North Carolina",5,SAGDP5N,66,"561","    Administrative and support services ","Thousands of dollars",0,0,0,0,0,0,0,0,0,0,0,0,0,0,0,0,0,0,0,0,0,0,0,-755212,-286821
 "37000","North Carolina",5,SAGDP5N,67,"562","    Waste management and remediation services ","Thousands of dollars",0,0,0,0,0,0,0,0,0,0,0,0,0,0,0,0,0,0,0,0,0,0,0,-49445,-20128
 "37000","North Carolina",5,SAGDP5N,68,"61, 62","  Educational services, health care, and social assistance ","Thousands of dollars",0,0,0,0,0,0,0,0,0,0,0,0,0,-12089,-96322,-58219,-70753,-64267,-37011,-21784,-8078,-266,-271,-2379306,-1181704
 "37000","North Carolina",5,SAGDP5N,69,"61","   Educational services ","Thousands of dollars",0,0,0,0,0,0,0,0,0,0,0,0,0,0,0,0,0,0,0,0,0,0,0,-112424,-122666
 "37000","North Carolina",5,SAGDP5N,70,"62","   Health care and social assistance ","Thousands of dollars",0,0,0,0,0,0,0,0,0,0,0,0,0,-12089,-96322,-58219,-70753,-64267,-37011,-21784,-8078,-266,-271,-2266882,-1059039
 "37000","North Carolina",5,SAGDP5N,71,"621","    Ambulatory health care services ","Thousands of dollars",0,0,0,0,0,0,0,0,0,0,0,0,0,0,0,0,0,0,0,0,0,0,0,-1753125,-737846
 "37000","North Carolina",5,SAGDP5N,72,"622","    Hospitals ","Thousands of dollars",0,0,0,0,0,0,0,0,0,0,0,0,0,-12089,-96322,-58219,-70753,-64267,-37011,-21784,-8078,-266,-271,-247173,-42329
 "37000","North Carolina",5,SAGDP5N,73,"623","    Nursing and residential care facilities ","Thousands of dollars",0,0,0,0,0,0,0,0,0,0,0,0,0,0,0,0,0,0,0,0,0,0,0,-165189,-66784
 "37000","North Carolina",5,SAGDP5N,74,"624","    Social assistance ","Thousands of dollars",0,0,0,0,0,0,0,0,0,0,0,0,0,0,0,0,0,0,0,0,0,0,0,-101394,-212080
 "37000","North Carolina",5,SAGDP5N,75,"71, 72","  Arts, entertainment, recreation, accommodation, and food services ","Thousands of dollars",0,0,0,0,0,0,0,0,0,0,0,0,0,0,0,0,0,0,0,0,0,0,0,-1269233,-2514312
 "37000","North Carolina",5,SAGDP5N,76,"71","   Arts, entertainment, and recreation ","Thousands of dollars",0,0,0,0,0,0,0,0,0,0,0,0,0,0,0,0,0,0,0,0,0,0,0,-131831,-417971
 "37000","North Carolina",5,SAGDP5N,77,"711-712","    Performing arts, spectator sports, museums, and related activities ","Thousands of dollars",0,0,0,0,0,0,0,0,0,0,0,0,0,0,0,0,0,0,0,0,0,0,0,-46989,-337419
 "37000","North Carolina",5,SAGDP5N,78,"713","    Amusement, gambling, and recreation industries ","Thousands of dollars",0,0,0,0,0,0,0,0,0,0,0,0,0,0,0,0,0,0,0,0,0,0,0,-84843,-80551
 "37000","North Carolina",5,SAGDP5N,79,"72","   Accommodation and food services ","Thousands of dollars",0,0,0,0,0,0,0,0,0,0,0,0,0,0,0,0,0,0,0,0,0,0,0,-1137402,-2096341
 "37000","North Carolina",5,SAGDP5N,80,"721","    Accommodation ","Thousands of dollars",0,0,0,0,0,0,0,0,0,0,0,0,0,0,0,0,0,0,0,0,0,0,0,-177175,-231263
 "37000","North Carolina",5,SAGDP5N,81,"722","    Food services and drinking places ","Thousands of dollars",0,0,0,0,0,0,0,0,0,0,0,0,0,0,0,0,0,0,0,0,0,0,0,-960227,-1865079
 "37000","North Carolina",5,SAGDP5N,82,"81","  Other services (except government and government enterprises) ","Thousands of dollars",0,0,0,0,0,0,0,0,0,0,0,0,0,0,0,0,0,0,0,0,0,0,0,-480824,-409723
 "37000","North Carolina",5,SAGDP5N,83,"..."," Government and government enterprises ","Thousands of dollars",-165105,-149112,-165576,-174404,-196964,-234014,-253963,-272587,-279808,-278929,-287390,-303080,-327140,-306813,-344591,-413389,-438089,-457023,-438055,-468084,-465711,-494925,-515815,-900163,-929763
 "37000","North Carolina",5,SAGDP5N,84,"...","  Federal civilian ","Thousands of dollars",-23713,-23079,-24116,-30065,-39821,-39699,-42064,-45311,-46514,-47587,-52095,-74078,-88993,-69329,-87503,-96459,-124482,-136680,-106792,-117379,-126330,-127618,-127542,-166302,-215027
 "37000","North Carolina",5,SAGDP5N,85,"...","  Military ","Thousands of dollars",0,0,0,0,0,0,0,0,0,0,0,0,0,0,0,0,0,0,0,0,0,0,0,0,0
 "37000","North Carolina",5,SAGDP5N,86,"...","  State and local ","Thousands of dollars",-141392,-126033,-141460,-144339,-157143,-194316,-211898,-227276,-233294,-231342,-235296,-229002,-238148,-237484,-257088,-316930,-313607,-320343,-331263,-350704,-339381,-367308,-388273,-733861,-714736
 "37000","North Carolina",5,SAGDP5N,87,"11, 21","Natural resources and mining ","Thousands of dollars",-74418,-110062,-250812,-385979,-365856,-294698,-312039,-178809,-1023763,-630845,-508377,-438308,-388103,-372069,-339721,-354477,-333175,-264455,-72171,-150346,-128437,-91418,-372785,-823233,-429885
 "37000","North Carolina",5,SAGDP5N,88,"42, 44-45","Trade ","Thousands of dollars",0,0,0,0,0,0,0,0,0,0,0,0,-83093,-8942,-84,0,0,0,0,0,0,0,0,-1798288,-934783
 "37000","North Carolina",5,SAGDP5N,89,"22, 48-49","Transportation and utilities ","Thousands of dollars",-15593,-11464,-13131,-14123,-126827,-29620,-69398,-19079,-21291,-32594,-24314,-31281,-44518,-49686,-43201,-45032,-40530,-38000,-39885,-39307,-41519,-47492,-43580,-1030055,-865973
 "37000","North Carolina",5,SAGDP5N,90,"31-33, 51","Manufacturing and information ","Thousands of dollars",0,0,0,0,0,0,0,0,0,-1681,-734,-8308,-25770,-77128,-114624,-80342,-41228,-27402,-26950,-21659,-22534,-21629,-24369,-1618611,-814441
 "37000","North Carolina",5,SAGDP5N,91,"...","Private goods-producing industries 2/","Thousands of dollars",-74418,-110062,-250812,-385979,-365856,-294698,-312039,-178809,-1023763,-632527,-509111,-446615,-412987,-446622,-442768,-417860,-365128,-289608,-96756,-172137,-150684,-112914,-396994,-3539646,-1871830
 "37000","North Carolina",5,SAGDP5N,92,"...","Private services-providing industries 3/","Thousands of dollars",-291003,-302491,-340939,-334560,-444171,-354692,-437365,-424865,-547960,-488428,-449064,-467985,-646700,-609499,-704841,-699619,-702872,-692723,-653959,-672563,-676984,-640168,-650992,-10559225,-8057112
"Note: See the included footnote file."
"SAGDP5N: Subsidies 1/"
"Last updated: September 30, 2022-- new statistics for 2021; revised statistics for 2017-2020."
"U.S. Bureau of Economic Analysis"
