GeoFIPS,GeoName,Region,TableName,LineCode,IndustryClassification,Description,Unit,2008,2009,2010,2011,2012,2013,2014,2015,2016,2017,2018,2019,2020,2021
 "00000","United States", ,SARPI,1,"..."," Real personal income (millions of constant (2012) dollars) 1/","Millions of constant 2012 dollars",13226438.1,12835528.5,13145590.4,13578992.1,14003346.0,13999660.3,14549525.5,15207440.0,15451718.3,15876254.0,16314204.8,16897074.2,17825584.2,18412541.1
 "01000","Alabama",5,SARPI,1,"..."," Real personal income (millions of constant (2012) dollars) 1/","Millions of constant 2012 dollars",187336.6,187152.4,187279.9,189172.7,190450.8,190336.3,193661.1,203544.4,203118.8,209348.5,219468.5,223626.5,239485.0,246873.9
 "02000","Alaska",8,SARPI,1,"..."," Real personal income (millions of constant (2012) dollars) 1/","Millions of constant 2012 dollars",32874.4,32771.5,35717.2,36862.9,37973.4,37516.9,38785.7,39586.9,38320.5,38217.1,38939.2,39945.8,41161.8,40052.1
 "04000","Arizona",6,SARPI,1,"..."," Real personal income (millions of constant (2012) dollars) 1/","Millions of constant 2012 dollars",231774.7,218472.1,225397.5,233946.5,241983.9,243833.1,255373.4,268726.0,274244.5,289284.0,300700.1,316996.3,341318.5,362113.5
 "05000","Arkansas",5,SARPI,1,"..."," Real personal income (millions of constant (2012) dollars) 1/","Millions of constant 2012 dollars",110733.8,110960.1,110504.6,113831.2,119990.0,118709.1,124218.9,128392.7,130467.1,134179.6,137986.9,138377.8,145094.2,148568.7
 "06000","California",8,SARPI,1,"..."," Real personal income (millions of constant (2012) dollars) 1/","Millions of constant 2012 dollars",1539207.5,1501979.6,1559084.1,1619420.1,1686834.4,1694852.2,1779397.6,1889769.0,1966517.8,1976276.1,2010956.5,2108670.2,2250420.2,2332657.6
 "08000","Colorado",7,SARPI,1,"..."," Real personal income (millions of constant (2012) dollars) 1/","Millions of constant 2012 dollars",216435.6,208055.8,214698.7,222534.8,230469.6,239354.9,258427.2,269350.2,272577.8,284013.5,306574.3,317157.4,328502.3,346082.1
 "09000","Connecticut",1,SARPI,1,"..."," Real personal income (millions of constant (2012) dollars) 1/","Millions of constant 2012 dollars",210068.8,207360.5,218099.9,216526.2,217654.9,209363.6,216507.8,222029.2,223770.1,222843.5,234057.1,239455.9,243003.3,253919.7
 "10000","Delaware",2,SARPI,1,"..."," Real personal income (millions of constant (2012) dollars) 1/","Millions of constant 2012 dollars",38056.0,38051.2,37908.6,40406.2,40635.3,41092.0,41848.1,44484.0,45113.0,46479.4,47743.6,49097.1,52229.5,53406.0
 "11000","District of Columbia",2,SARPI,1,"..."," Real personal income (millions of constant (2012) dollars) 1/","Millions of constant 2012 dollars",33511.5,33775.0,35446.5,37571.3,38903.1,38121.6,40155.8,43487.4,45795.5,46756.8,46973.0,48432.6,50237.2,50398.4
 "12000","Florida",5,SARPI,1,"..."," Real personal income (millions of constant (2012) dollars) 1/","Millions of constant 2012 dollars",761128.9,724751.6,760220.1,777404.8,791477.4,785341.8,829811.8,880225.7,904603.2,958599.0,1002847.5,1063735.1,1107489.2,1160013.8
 "13000","Georgia",5,SARPI,1,"..."," Real personal income (millions of constant (2012) dollars) 1/","Millions of constant 2012 dollars",377128.3,380311.4,371842.1,391834.2,388674.5,390997.7,411246.1,436653.2,447343.6,465347.3,481891.4,504912.8,533033.1,545636.2
 "15000","Hawaii",8,SARPI,1,"..."," Real personal income (millions of constant (2012) dollars) 1/","Millions of constant 2012 dollars",54073.7,52489.3,53937.0,54991.0,56425.2,55295.9,58020.5,60244.1,62241.1,63795.1,63589.7,65080.5,66553.5,67312.3
 "16000","Idaho",7,SARPI,1,"..."," Real personal income (millions of constant (2012) dollars) 1/","Millions of constant 2012 dollars",56210.3,54252.2,56629.4,57541.8,60112.1,61763.9,63856.4,67351.4,70498.7,71901.3,77144.5,81848.1,90742.6,94097.1
 "17000","Illinois",3,SARPI,1,"..."," Real personal income (millions of constant (2012) dollars) 1/","Millions of constant 2012 dollars",586023.1,550929.4,557485.3,569075.5,588324.8,598683.9,621833.9,653427.7,649493.0,651755.3,670528.3,687637.5,712986.7,728882.6
 "18000","Indiana",3,SARPI,1,"..."," Real personal income (millions of constant (2012) dollars) 1/","Millions of constant 2012 dollars",260876.1,253419.0,258455.7,270295.7,277376.5,276740.0,283521.7,297867.2,303410.1,312858.0,314992.3,323719.1,348011.8,359702.4
 "19000","Iowa",4,SARPI,1,"..."," Real personal income (millions of constant (2012) dollars) 1/","Millions of constant 2012 dollars",140447.6,134062.5,133478.9,142069.7,144969.0,145253.8,147480.6,156301.1,155385.6,158138.6,157170.1,159420.7,169972.8,176780.1
 "20000","Kansas",4,SARPI,1,"..."," Real personal income (millions of constant (2012) dollars) 1/","Millions of constant 2012 dollars",135505.0,128839.5,127661.8,134986.9,139449.7,141341.6,141648.7,143875.2,143913.7,146990.2,148691.7,152426.4,160785.7,164557.3
 "21000","Kentucky",5,SARPI,1,"..."," Real personal income (millions of constant (2012) dollars) 1/","Millions of constant 2012 dollars",166679.5,167322.2,167658.7,170550.9,173823.7,171809.1,177770.7,186364.2,188248.4,191799.5,195792.1,200944.7,216979.6,225018.8
 "22000","Louisiana",5,SARPI,1,"..."," Real personal income (millions of constant (2012) dollars) 1/","Millions of constant 2012 dollars",195333.0,191856.7,193795.6,194237.3,200486.3,200830.7,206650.2,208111.7,203909.5,210981.7,219336.7,222219.0,234479.7,238268.8
 "23000","Maine",1,SARPI,1,"..."," Real personal income (millions of constant (2012) dollars) 1/","Millions of constant 2012 dollars",53633.2,54005.5,55459.3,56131.9,55982.8,54930.2,58380.4,59182.9,60827.6,60581.9,61629.0,66174.8,69102.6,71621.7
 "24000","Maryland",2,SARPI,1,"..."," Real personal income (millions of constant (2012) dollars) 1/","Millions of constant 2012 dollars",273609.9,269153.6,278456.3,283636.1,291930.2,284549.4,291425.4,304565.5,315507.7,319905.6,323450.7,332933.7,343876.7,351518.8
 "25000","Massachusetts",1,SARPI,1,"..."," Real personal income (millions of constant (2012) dollars) 1/","Millions of constant 2012 dollars",336467.4,336652.4,348143.7,355424.5,366255.1,368116.0,375208.9,398071.6,397805.5,408730.8,419097.0,436144.3,455315.4,475686.6
 "26000","Michigan",3,SARPI,1,"..."," Real personal income (millions of constant (2012) dollars) 1/","Millions of constant 2012 dollars",397401.2,377683.0,386443.9,401623.9,411795.2,408992.9,418732.3,449113.5,458546.2,468965.2,468569.7,473797.2,513048.3,522600.8
 "27000","Minnesota",4,SARPI,1,"..."," Real personal income (millions of constant (2012) dollars) 1/","Millions of constant 2012 dollars",249428.6,234246.7,242578.8,253689.3,263919.5,262147.6,269625.9,285582.1,289275.2,297104.7,296400.8,306558.2,327803.1,333417.9
 "28000","Mississippi",5,SARPI,1,"..."," Real personal income (millions of constant (2012) dollars) 1/","Millions of constant 2012 dollars",108014.2,109383.3,108672.6,109940.8,112783.6,112624.8,113045.4,115540.8,116002.2,118694.1,121168.2,123432.4,132800.1,135579.6
 "29000","Missouri",4,SARPI,1,"..."," Real personal income (millions of constant (2012) dollars) 1/","Millions of constant 2012 dollars",262520.0,253733.1,248874.3,254292.8,261846.3,259028.7,262215.1,275105.7,281511.7,284752.8,290481.9,296462.6,313874.2,321701.8
 "30000","Montana",7,SARPI,1,"..."," Real personal income (millions of constant (2012) dollars) 1/","Millions of constant 2012 dollars",38702.2,38409.7,40463.5,41059.3,43655.2,43475.5,44557.6,45784.3,47081.5,48921.6,50877.4,52336.7,57876.7,59577.9
 "31000","Nebraska",4,SARPI,1,"..."," Real personal income (millions of constant (2012) dollars) 1/","Millions of constant 2012 dollars",85061.6,83219.2,84914.4,92908.4,93329.3,93010.8,96914.1,101381.5,99551.4,102154.5,101836.8,104517.6,109953.1,113636.3
 "32000","Nevada",8,SARPI,1,"..."," Real personal income (millions of constant (2012) dollars) 1/","Millions of constant 2012 dollars",107683.5,99930.8,105049.5,105060.3,107664.8,108795.3,115167.1,125179.6,130456.3,132698.3,143942.9,148905.6,160354.1,171884.2
 "33000","New Hampshire",1,SARPI,1,"..."," Real personal income (millions of constant (2012) dollars) 1/","Millions of constant 2012 dollars",60502.6,61006.3,63069.6,64737.1,66693.9,65825.5,67658.4,69662.7,70119.3,70958.0,74065.5,77808.0,80981.2,86042.2
 "34000","New Jersey",2,SARPI,1,"..."," Real personal income (millions of constant (2012) dollars) 1/","Millions of constant 2012 dollars",447914.7,418876.4,433882.0,438722.2,446636.0,447072.4,460439.1,478605.2,487674.6,495477.0,498848.5,519258.5,541199.7,567508.6
 "35000","New Mexico",6,SARPI,1,"..."," Real personal income (millions of constant (2012) dollars) 1/","Millions of constant 2012 dollars",75633.7,74255.7,76938.4,76798.4,77515.3,76123.5,79539.3,82002.4,83255.9,81867.1,87512.3,90282.6,97529.9,102712.2
 "36000","New York",2,SARPI,1,"..."," Real personal income (millions of constant (2012) dollars) 1/","Millions of constant 2012 dollars",884580.3,873472.7,904311.1,921423.3,959322.5,958854.8,989795.3,1024649.7,1046174.3,1092840.7,1107482.6,1133230.0,1182584.0,1207418.8
 "37000","North Carolina",5,SARPI,1,"..."," Real personal income (millions of constant (2012) dollars) 1/","Millions of constant 2012 dollars",402044.2,393836.7,384369.0,386182.8,406018.4,394675.3,411076.3,433712.4,441339.6,460384.0,474748.7,501342.8,535676.0,548116.5
 "38000","North Dakota",4,SARPI,1,"..."," Real personal income (millions of constant (2012) dollars) 1/","Millions of constant 2012 dollars",33007.1,31843.0,34379.0,37970.5,42482.3,42367.0,44594.3,43116.1,41744.2,42964.4,43345.6,43297.5,46388.6,47613.4
 "39000","Ohio",3,SARPI,1,"..."," Real personal income (millions of constant (2012) dollars) 1/","Millions of constant 2012 dollars",486456.5,469575.1,476237.0,500767.5,507110.4,507549.9,521060.5,545498.9,549630.3,562913.7,565879.1,576408.9,618686.1,628659.7
 "40000","Oklahoma",6,SARPI,1,"..."," Real personal income (millions of constant (2012) dollars) 1/","Millions of constant 2012 dollars",168501.2,158113.6,160021.7,166958.2,174891.2,181077.0,189720.5,184799.0,173959.3,181159.6,187869.3,195244.0,201106.9,206387.4
 "41000","Oregon",8,SARPI,1,"..."," Real personal income (millions of constant (2012) dollars) 1/","Millions of constant 2012 dollars",151583.1,143337.6,146365.8,149477.3,153100.0,154611.6,164332.3,174142.1,182637.5,185311.8,187108.3,194953.0,211001.0,220212.2
 "42000","Pennsylvania",2,SARPI,1,"..."," Real personal income (millions of constant (2012) dollars) 1/","Millions of constant 2012 dollars",563794.5,550392.3,567603.0,585316.0,599788.3,599373.0,619150.0,636541.2,650344.9,647288.3,673435.8,687677.8,727606.6,750118.9
 "44000","Rhode Island",1,SARPI,1,"..."," Real personal income (millions of constant (2012) dollars) 1/","Millions of constant 2012 dollars",45685.2,44367.8,46844.5,47558.5,48960.4,47494.2,49590.4,50499.6,50845.9,51014.0,52025.0,54393.8,58170.3,59937.3
 "45000","South Carolina",5,SARPI,1,"..."," Real personal income (millions of constant (2012) dollars) 1/","Millions of constant 2012 dollars",172321.0,170425.8,170553.7,174603.0,181369.3,180701.9,190224.6,201425.4,206062.3,216054.4,222456.2,235950.8,249792.9,252155.0
 "46000","South Dakota",4,SARPI,1,"..."," Real personal income (millions of constant (2012) dollars) 1/","Millions of constant 2012 dollars",40604.5,38921.1,39836.5,42726.1,41563.0,42034.0,43294.0,45656.0,45635.7,47069.2,46229.0,48422.0,53347.4,55542.1
 "47000","Tennessee",5,SARPI,1,"..."," Real personal income (millions of constant (2012) dollars) 1/","Millions of constant 2012 dollars",252507.5,254563.3,256833.7,264019.5,271551.3,271149.0,279172.5,293407.7,296180.0,307071.5,329541.0,338398.1,361140.2,376694.6
 "48000","Texas",6,SARPI,1,"..."," Real personal income (millions of constant (2012) dollars) 1/","Millions of constant 2012 dollars",1056778.5,1011036.6,1050296.1,1127859.3,1176886.0,1188512.3,1256278.4,1277568.1,1267263.9,1346399.1,1402409.9,1443763.7,1484887.2,1556765.2
 "49000","Utah",7,SARPI,1,"..."," Real personal income (millions of constant (2012) dollars) 1/","Millions of constant 2012 dollars",98478.8,92355.2,95815.5,98660.1,103862.9,106427.7,112153.6,120716.5,127334.3,129351.7,140263.3,147395.7,162511.4,171487.3
 "50000","Vermont",1,SARPI,1,"..."," Real personal income (millions of constant (2012) dollars) 1/","Millions of constant 2012 dollars",26895.5,26719.3,27569.4,28619.1,28775.4,28647.1,29895.5,30167.6,30536.8,30585.2,30976.6,32615.0,33687.4,35126.6
 "51000","Virginia",5,SARPI,1,"..."," Real personal income (millions of constant (2012) dollars) 1/","Millions of constant 2012 dollars",366361.8,362655.9,367446.0,380475.2,394342.2,382951.3,393883.1,410329.4,420119.2,434724.7,438591.8,462257.6,479242.0,486026.0
 "53000","Washington",8,SARPI,1,"..."," Real personal income (millions of constant (2012) dollars) 1/","Millions of constant 2012 dollars",296308.3,282495.7,292532.4,299935.6,319364.0,322942.6,338857.0,358067.0,368814.6,375135.3,392478.4,413716.1,441320.5,454854.4
 "54000","West Virginia",5,SARPI,1,"..."," Real personal income (millions of constant (2012) dollars) 1/","Millions of constant 2012 dollars",70029.2,71763.3,71143.8,73250.4,74017.8,72005.2,73012.1,73846.3,72980.6,75920.2,77526.3,79811.1,83651.3,82629.1
 "55000","Wisconsin",3,SARPI,1,"..."," Real personal income (millions of constant (2012) dollars) 1/","Millions of constant 2012 dollars",250486.5,244880.9,246424.8,255777.0,261757.1,260444.6,266920.4,280213.6,282116.3,287595.0,293686.6,300040.2,321084.8,326703.2
 "56000","Wyoming",7,SARPI,1,"..."," Real personal income (millions of constant (2012) dollars) 1/","Millions of constant 2012 dollars",30037.3,27405.0,28759.4,30128.1,32161.2,31911.3,33389.4,33514.3,31411.1,32095.1,34886.7,35840.6,37498.1,38263.6
 "00000","United States", ,SARPI,2,"..."," Real per capita personal income (constant (2012) dollars) 2/","Constant 2012 dollars",43495,41841,42490,43545,44548,44200,45571,47253,47636,48607,49656,51167,53772,55477
 "01000","Alabama",5,SARPI,2,"..."," Real per capita personal income (constant (2012) dollars) 2/","Constant 2012 dollars",39705,39335,39114,39312,39355,39128,39629,41471,41196,42274,44102,44695,47661,48984
 "02000","Alaska",8,SARPI,2,"..."," Real per capita personal income (constant (2012) dollars) 2/","Constant 2012 dollars",47820,46890,50023,51021,51940,50832,52581,53559,51547,51509,52783,54361,56198,54666
 "04000","Arizona",6,SARPI,2,"..."," Real per capita personal income (constant (2012) dollars) 2/","Constant 2012 dollars",36905,34442,35207,36290,37186,37151,38470,40023,40321,42048,43142,44834,47551,49766
 "05000","Arkansas",5,SARPI,2,"..."," Real per capita personal income (constant (2012) dollars) 2/","Constant 2012 dollars",38522,38304,37824,38733,40690,40177,41949,43225,43772,44864,46038,46061,48168,49099
 "06000","California",8,SARPI,2,"..."," Real per capita personal income (constant (2012) dollars) 2/","Constant 2012 dollars",42050,40637,41773,43012,44425,44262,46055,48498,50137,50129,50864,53319,56973,59449
 "08000","Colorado",7,SARPI,2,"..."," Real per capita personal income (constant (2012) dollars) 2/","Constant 2012 dollars",44263,41844,42540,43471,44418,45474,48367,49493,49298,50715,54000,55293,56792,59545
 "09000","Connecticut",1,SARPI,2,"..."," Real per capita personal income (constant (2012) dollars) 2/","Constant 2012 dollars",59248,58218,60917,60243,60372,57990,59897,61470,62026,61770,64812,66384,67496,70424
 "10000","Delaware",2,SARPI,2,"..."," Real per capita personal income (constant (2012) dollars) 2/","Constant 2012 dollars",43056,42671,42132,44492,44334,44395,44750,47093,47336,48341,49166,50033,52657,53226
 "11000","District of Columbia",2,SARPI,2,"..."," Real per capita personal income (constant (2012) dollars) 2/","Constant 2012 dollars",57755,57030,58609,60815,61640,59126,61348,65332,67963,68665,68510,70457,72798,75216
 "12000","Florida",5,SARPI,2,"..."," Real per capita personal income (constant (2012) dollars) 2/","Constant 2012 dollars",41081,38855,40345,40832,41069,40258,41919,43693,44045,45928,47453,49813,51344,53258
 "13000","Georgia",5,SARPI,2,"..."," Real per capita personal income (constant (2012) dollars) 2/","Constant 2012 dollars",39677,39530,38285,39961,39232,39176,40808,42845,43355,44623,45753,47441,49696,50524
 "15000","Hawaii",8,SARPI,2,"..."," Real per capita personal income (constant (2012) dollars) 2/","Constant 2012 dollars",40589,38976,39512,39706,40160,38854,40455,41649,42718,43744,43549,44666,45839,46694
 "16000","Idaho",7,SARPI,2,"..."," Real per capita personal income (constant (2012) dollars) 2/","Constant 2012 dollars",36635,34901,36041,36269,37570,38172,38933,40514,41565,41465,43618,45269,49109,49501
 "17000","Illinois",3,SARPI,2,"..."," Real per capita personal income (constant (2012) dollars) 2/","Constant 2012 dollars",45973,43052,43399,44139,45507,46191,47943,50400,50167,50428,52025,53512,55766,57522
 "18000","Indiana",3,SARPI,2,"..."," Real per capita personal income (constant (2012) dollars) 2/","Constant 2012 dollars",40605,39233,39815,41448,42372,42051,42894,44937,45568,46794,46834,47875,51286,52851
 "19000","Iowa",4,SARPI,2,"..."," Real per capita personal income (constant (2012) dollars) 2/","Constant 2012 dollars",46556,44203,43743,46278,47029,46822,47245,49839,49338,50002,49558,50072,53305,55364
 "20000","Kansas",4,SARPI,2,"..."," Real per capita personal income (constant (2012) dollars) 2/","Constant 2012 dollars",48255,45483,44655,46993,48234,48711,48651,49227,49164,50212,50721,51956,54766,56075
 "21000","Kentucky",5,SARPI,2,"..."," Real per capita personal income (constant (2012) dollars) 2/","Constant 2012 dollars",38854,38758,38550,38990,39559,38908,40141,41940,42231,42853,43633,44673,48175,49900
 "22000","Louisiana",5,SARPI,2,"..."," Real per capita personal income (constant (2012) dollars) 2/","Constant 2012 dollars",44038,42714,42641,42437,43550,43393,44452,44558,43518,45095,46967,47640,50413,51528
 "23000","Maine",1,SARPI,2,"..."," Real per capita personal income (constant (2012) dollars) 2/","Constant 2012 dollars",40310,40618,41763,42203,42064,41220,43681,44310,45388,45047,45633,48748,50726,52193
 "24000","Maryland",2,SARPI,2,"..."," Real per capita personal income (constant (2012) dollars) 2/","Constant 2012 dollars",48129,46970,48080,48449,49363,47724,48498,50347,51896,52333,52690,54016,55709,57017
 "25000","Massachusetts",1,SARPI,2,"..."," Real per capita personal income (constant (2012) dollars) 2/","Constant 2012 dollars",52013,51653,52994,53610,54724,54483,55020,57983,57582,58739,59922,62159,64839,68104
 "26000","Michigan",3,SARPI,2,"..."," Real per capita personal income (constant (2012) dollars) 2/","Constant 2012 dollars",39952,38144,39113,40587,41508,41116,41980,44969,45777,46664,46528,47012,50960,51996
 "27000","Minnesota",4,SARPI,2,"..."," Real per capita personal income (constant (2012) dollars) 2/","Constant 2012 dollars",47537,44355,45665,47396,48980,48274,49262,51832,52063,53003,52459,53908,57437,58419
 "28000","Mississippi",5,SARPI,2,"..."," Real per capita personal income (constant (2012) dollars) 2/","Constant 2012 dollars",36642,36969,36586,36919,37817,37710,37838,38708,38871,39785,40734,41574,44912,45960
 "29000","Missouri",4,SARPI,2,"..."," Real per capita personal income (constant (2012) dollars) 2/","Constant 2012 dollars",44315,42565,41506,42301,43448,42857,43267,45270,46200,46576,47398,48257,50999,52155
 "30000","Montana",7,SARPI,2,"..."," Real per capita personal income (constant (2012) dollars) 2/","Constant 2012 dollars",39637,39035,40837,41134,43421,42794,43471,44261,45026,46241,47703,48664,53284,53952
 "31000","Nebraska",4,SARPI,2,"..."," Real per capita personal income (constant (2012) dollars) 2/","Constant 2012 dollars",47352,45909,46397,50390,50207,49649,51280,53234,51813,52811,52348,53464,56057,57869
 "32000","Nevada",8,SARPI,2,"..."," Real per capita personal income (constant (2012) dollars) 2/","Constant 2012 dollars",40580,37223,38879,38760,39295,39276,40988,43815,44898,44897,47796,48520,51493,54671
 "33000","New Hampshire",1,SARPI,2,"..."," Real per capita personal income (constant (2012) dollars) 2/","Constant 2012 dollars",45978,46354,47885,48973,50248,49454,50521,51846,51900,52214,54265,56718,58774,61946
 "34000","New Jersey",2,SARPI,2,"..."," Real per capita personal income (constant (2012) dollars) 2/","Constant 2012 dollars",51419,47841,49254,49423,49997,49759,50968,52730,53474,54004,54112,56083,58321,61239
 "35000","New Mexico",6,SARPI,2,"..."," Real per capita personal income (constant (2012) dollars) 2/","Constant 2012 dollars",37616,36457,37260,36885,37084,36310,37966,39123,39653,38965,41611,42785,46058,48544
 "36000","New York",2,SARPI,2,"..."," Real per capita personal income (constant (2012) dollars) 2/","Constant 2012 dollars",46042,45241,46566,47009,48555,48203,49485,51006,51917,54127,54764,56039,58675,60870
 "37000","North Carolina",5,SARPI,2,"..."," Real per capita personal income (constant (2012) dollars) 2/","Constant 2012 dollars",43187,41678,40158,40050,41762,40259,41606,43519,43801,45245,46201,48343,51226,51948
 "38000","North Dakota",4,SARPI,2,"..."," Real per capita personal income (constant (2012) dollars) 2/","Constant 2012 dollars",50196,47887,50928,55265,60252,58246,59907,56531,54593,56040,56190,55759,59552,61441
 "39000","Ohio",3,SARPI,2,"..."," Real per capita personal income (constant (2012) dollars) 2/","Constant 2012 dollars",42244,40730,41262,43327,43818,43710,44732,46727,46969,47958,48107,48896,52473,53367
 "40000","Oklahoma",6,SARPI,2,"..."," Real per capita personal income (constant (2012) dollars) 2/","Constant 2012 dollars",45926,42531,42564,44091,45839,47056,49003,47372,44413,46209,47822,49507,50759,51770
 "41000","Oregon",8,SARPI,2,"..."," Real per capita personal income (constant (2012) dollars) 2/","Constant 2012 dollars",40221,37635,38140,38598,39256,39401,41442,43335,44620,44684,44726,46241,49746,51862
 "42000","Pennsylvania",2,SARPI,2,"..."," Real per capita personal income (constant (2012) dollars) 2/","Constant 2012 dollars",44702,43451,44635,45825,46801,46656,48069,49349,50343,50002,51879,52933,56014,57861
 "44000","Rhode Island",1,SARPI,2,"..."," Real per capita personal income (constant (2012) dollars) 2/","Constant 2012 dollars",43303,42109,44404,44924,46033,44463,46215,46874,46982,47021,47653,49696,53064,54707
 "45000","South Carolina",5,SARPI,2,"..."," Real per capita personal income (constant (2012) dollars) 2/","Constant 2012 dollars",38048,37131,36806,37446,38580,38120,39694,41508,41961,43509,44305,46469,48686,48578
 "46000","South Dakota",4,SARPI,2,"..."," Real per capita personal income (constant (2012) dollars) 2/","Constant 2012 dollars",50811,48225,48815,51905,49908,49969,51076,53578,53025,54092,52815,54869,60137,62032
 "47000","Tennessee",5,SARPI,2,"..."," Real per capita personal income (constant (2012) dollars) 2/","Constant 2012 dollars",40418,40368,40406,41225,42016,41666,42565,44369,44389,45563,48415,49312,52187,54005
 "48000","Texas",6,SARPI,2,"..."," Real per capita personal income (constant (2012) dollars) 2/","Constant 2012 dollars",43473,40765,41614,44005,45168,44954,46688,46628,45536,47758,49189,50030,50822,52722
 "49000","Utah",7,SARPI,2,"..."," Real per capita personal income (constant (2012) dollars) 2/","Constant 2012 dollars",36980,33911,34514,35007,36310,36597,38010,40251,41571,41382,44096,45595,49521,51375
 "50000","Vermont",1,SARPI,2,"..."," Real per capita personal income (constant (2012) dollars) 2/","Constant 2012 dollars",43091,42763,44015,45457,45627,45269,47167,47443,47988,47860,48351,50815,52432,54412
 "51000","Virginia",5,SARPI,2,"..."," Real per capita personal income (constant (2012) dollars) 2/","Constant 2012 dollars",46769,45756,45787,46928,48109,46308,47265,48908,49750,51129,51315,53768,55519,56238
 "53000","Washington",8,SARPI,2,"..."," Real per capita personal income (constant (2012) dollars) 2/","Constant 2012 dollars",45154,42370,43379,43911,46258,46306,47942,49867,50413,50375,51994,54161,57175,58777
 "54000","West Virginia",5,SARPI,2,"..."," Real per capita personal income (constant (2012) dollars) 2/","Constant 2012 dollars",38053,38838,38365,39439,39821,38782,39402,39996,39750,41651,42818,44329,46738,46344
 "55000","Wisconsin",3,SARPI,2,"..."," Real per capita personal income (constant (2012) dollars) 2/","Constant 2012 dollars",44405,43194,43293,44770,45649,45238,46193,48362,48537,49276,50128,51026,54492,55412
 "56000","Wyoming",7,SARPI,2,"..."," Real per capita personal income (constant (2012) dollars) 2/","Constant 2012 dollars",55009,48950,50955,53149,55884,54931,57474,57422,53973,55697,60694,62295,64958,66108
 "00000","United States", ,SARPI,3,"..."," Real PCE (millions of constant (2012) dollars) 3/","Millions of constant 2012 dollars",10654688.5,10515591.5,10716007.5,10898345.3,11047363.2,11211711.4,11515312.3,11892947.4,12187675.5,12478228.1,12837303.4,13092261.6,12700723.2,13754090.1
 "01000","Alabama",5,SARPI,3,"..."," Real PCE (millions of constant (2012) dollars) 3/","Millions of constant 2012 dollars",154136.2,154251.7,152978.9,154000.3,153964.4,156274.7,158801.9,164127.8,165559.2,171213.9,180919.8,182791.4,182200.5,196126.6
 "02000","Alaska",8,SARPI,3,"..."," Real PCE (millions of constant (2012) dollars) 3/","Millions of constant 2012 dollars",27132.4,27160.9,28769.3,29231.9,30101.0,30479.9,30847.5,31106.5,31276.5,31655.1,32365.2,33391.5,31986.2,32965.8
 "04000","Arizona",6,SARPI,3,"..."," Real PCE (millions of constant (2012) dollars) 3/","Millions of constant 2012 dollars",203225.2,195775.7,203890.8,208613.8,213104.3,215761.2,224210.8,232655.5,237126.1,249233.4,258796.1,267067.3,261631.1,291985.0
 "05000","Arkansas",5,SARPI,3,"..."," Real PCE (millions of constant (2012) dollars) 3/","Millions of constant 2012 dollars",89781.0,90924.3,90722.8,91681.6,92789.1,93304.1,95551.4,98626.6,100875.9,104587.2,107664.2,108010.5,106700.2,114240.3
 "06000","California",8,SARPI,3,"..."," Real PCE (millions of constant (2012) dollars) 3/","Millions of constant 2012 dollars",1240533.2,1212345.9,1244599.8,1268693.6,1291539.4,1315157.1,1355802.4,1403629.5,1460675.2,1478265.7,1513063.9,1571307.1,1486155.4,1611323.6
 "08000","Colorado",7,SARPI,3,"..."," Real PCE (millions of constant (2012) dollars) 3/","Millions of constant 2012 dollars",177563.7,177338.0,182970.1,182772.4,184107.0,189499.1,198894.0,208802.8,219237.0,225746.5,239443.8,242286.3,235846.2,260464.8
 "09000","Connecticut",1,SARPI,3,"..."," Real PCE (millions of constant (2012) dollars) 3/","Millions of constant 2012 dollars",140936.9,137852.0,143715.2,143484.1,144931.2,145260.4,148397.9,151337.9,153123.5,154003.8,160903.6,162109.0,154420.4,169604.7
 "10000","Delaware",2,SARPI,3,"..."," Real PCE (millions of constant (2012) dollars) 3/","Millions of constant 2012 dollars",34665.5,33856.8,34709.2,35504.1,36160.8,36877.9,37067.4,38792.6,39313.9,40037.0,41022.4,42116.9,42042.5,45411.7
 "11000","District of Columbia",2,SARPI,3,"..."," Real PCE (millions of constant (2012) dollars) 3/","Millions of constant 2012 dollars",31291.8,30696.5,31301.8,32139.2,33181.8,33363.9,34214.6,35830.8,37420.6,38554.6,39360.6,40786.4,38602.0,41045.4
 "12000","Florida",5,SARPI,3,"..."," Real PCE (millions of constant (2012) dollars) 3/","Millions of constant 2012 dollars",666726.3,655278.8,667768.5,679275.7,691302.8,705794.5,733711.4,767136.1,791447.7,816441.0,851835.6,878524.3,853048.5,941446.9
 "13000","Georgia",5,SARPI,3,"..."," Real PCE (millions of constant (2012) dollars) 3/","Millions of constant 2012 dollars",314573.7,315539.0,311177.6,321061.5,320127.0,328386.8,339990.6,353783.0,363854.3,376182.3,390255.1,400908.4,390983.9,424021.6
 "15000","Hawaii",8,SARPI,3,"..."," Real PCE (millions of constant (2012) dollars) 3/","Millions of constant 2012 dollars",45285.6,44100.3,45523.9,46270.5,47457.9,47315.7,48787.4,49652.2,51013.8,52234.7,53750.2,54559.9,51114.6,54126.6
 "16000","Idaho",7,SARPI,3,"..."," Real PCE (millions of constant (2012) dollars) 3/","Millions of constant 2012 dollars",46620.8,45332.6,47209.9,47252.2,48271.2,49492.4,50586.0,52448.5,55554.7,57181.6,61798.4,62895.5,64395.2,71190.1
 "17000","Illinois",3,SARPI,3,"..."," Real PCE (millions of constant (2012) dollars) 3/","Millions of constant 2012 dollars",457909.1,443338.3,449779.0,453463.0,459574.7,465628.1,478434.8,493497.2,498923.9,502483.2,513351.7,523670.9,497667.2,535571.6
 "18000","Indiana",3,SARPI,3,"..."," Real PCE (millions of constant (2012) dollars) 3/","Millions of constant 2012 dollars",215455.8,212440.9,212945.0,217856.4,221066.0,222831.7,226601.1,234366.3,239991.2,251156.5,252517.5,254537.4,253201.5,271023.5
 "19000","Iowa",4,SARPI,3,"..."," Real PCE (millions of constant (2012) dollars) 3/","Millions of constant 2012 dollars",108837.1,106780.5,106735.7,110461.1,110345.6,110831.8,112384.2,117133.0,118522.7,121609.9,120029.3,120697.1,118924.9,128752.2
 "20000","Kansas",4,SARPI,3,"..."," Real PCE (millions of constant (2012) dollars) 3/","Millions of constant 2012 dollars",103898.7,100261.4,99662.4,100887.7,100621.4,101402.8,102717.4,105720.3,107598.3,110256.2,111288.2,112298.4,110676.4,120136.6
 "21000","Kentucky",5,SARPI,3,"..."," Real PCE (millions of constant (2012) dollars) 3/","Millions of constant 2012 dollars",140351.6,142574.1,142611.8,144218.6,144875.5,144614.8,147862.9,152975.8,157500.4,161653.4,166711.2,167424.2,165863.1,178612.3
 "22000","Louisiana",5,SARPI,3,"..."," Real PCE (millions of constant (2012) dollars) 3/","Millions of constant 2012 dollars",147680.6,148741.4,149507.5,151587.6,152495.2,154584.9,157822.6,162333.3,163217.7,168800.3,174401.6,175541.5,171999.7,185315.8
 "23000","Maine",1,SARPI,3,"..."," Real PCE (millions of constant (2012) dollars) 3/","Millions of constant 2012 dollars",49879.8,50084.1,51787.2,51887.5,51326.9,51359.0,54213.2,54023.1,55526.2,55784.2,56805.2,59471.6,56513.2,61731.5
 "24000","Maryland",2,SARPI,3,"..."," Real PCE (millions of constant (2012) dollars) 3/","Millions of constant 2012 dollars",206557.0,202412.6,208972.7,209809.3,215532.0,214782.0,219260.6,224179.5,229551.2,232794.3,237591.3,242284.8,227839.1,244214.2
 "25000","Massachusetts",1,SARPI,3,"..."," Real PCE (millions of constant (2012) dollars) 3/","Millions of constant 2012 dollars",272201.9,272204.9,277163.5,280160.5,284261.6,290678.3,294294.9,303614.3,302062.6,308129.5,312546.9,318759.8,297282.3,331844.5
 "26000","Michigan",3,SARPI,3,"..."," Real PCE (millions of constant (2012) dollars) 3/","Millions of constant 2012 dollars",334804.5,329659.0,336675.1,344702.9,350487.4,354717.8,362256.3,379504.6,390155.6,401382.5,402760.4,403073.7,392014.3,420483.1
 "27000","Minnesota",4,SARPI,3,"..."," Real PCE (millions of constant (2012) dollars) 3/","Millions of constant 2012 dollars",206533.7,199555.0,204653.2,209460.4,210897.5,213136.9,215870.8,223624.8,228832.9,236378.2,236026.7,240404.8,231904.8,243821.5
 "28000","Mississippi",5,SARPI,3,"..."," Real PCE (millions of constant (2012) dollars) 3/","Millions of constant 2012 dollars",89457.0,90863.6,90230.2,90754.4,92001.4,91989.3,93017.9,95343.2,96302.0,98340.3,101609.8,101473.3,100957.8,107372.4
 "29000","Missouri",4,SARPI,3,"..."," Real PCE (millions of constant (2012) dollars) 3/","Millions of constant 2012 dollars",222751.2,217151.3,214437.8,219004.1,221815.1,221597.7,222023.4,230527.9,235232.0,241430.8,245784.7,247260.3,240966.4,260823.1
 "30000","Montana",7,SARPI,3,"..."," Real PCE (millions of constant (2012) dollars) 3/","Millions of constant 2012 dollars",35252.4,35058.9,36411.4,36274.3,37591.9,38215.2,38488.9,39166.7,40726.3,41855.8,43967.5,43933.9,45180.1,49947.8
 "31000","Nebraska",4,SARPI,3,"..."," Real PCE (millions of constant (2012) dollars) 3/","Millions of constant 2012 dollars",66810.4,65558.6,66504.1,68500.9,69079.3,70125.9,71543.3,73957.6,76230.8,79286.9,79078.4,79331.5,77909.7,85501.9
 "32000","Nevada",8,SARPI,3,"..."," Real PCE (millions of constant (2012) dollars) 3/","Millions of constant 2012 dollars",91260.6,85520.9,88208.9,88276.3,89658.6,93053.8,96468.3,100925.0,105361.6,106664.9,115285.7,115720.9,114909.0,127591.1
 "33000","New Hampshire",1,SARPI,3,"..."," Real PCE (millions of constant (2012) dollars) 3/","Millions of constant 2012 dollars",52093.1,52977.4,54173.3,54654.6,55068.9,55907.8,57003.7,58239.2,58562.7,59309.6,61852.8,62836.0,60801.9,66480.0
 "34000","New Jersey",2,SARPI,3,"..."," Real PCE (millions of constant (2012) dollars) 3/","Millions of constant 2012 dollars",345606.9,327709.9,338400.5,337179.1,340519.7,344669.2,349776.8,357133.9,363568.1,365054.7,368644.3,373918.1,363998.9,401857.8
 "35000","New Mexico",6,SARPI,3,"..."," Real PCE (millions of constant (2012) dollars) 3/","Millions of constant 2012 dollars",63826.3,62425.0,64706.5,63925.0,64504.3,65795.4,67075.4,69295.7,70501.1,70186.6,75080.1,74383.4,73040.0,81474.1
 "36000","New York",2,SARPI,3,"..."," Real PCE (millions of constant (2012) dollars) 3/","Millions of constant 2012 dollars",659918.4,659911.2,680795.2,687733.1,702173.4,715168.2,743544.8,761227.1,775750.7,794069.4,822051.6,838695.0,789404.0,834351.8
 "37000","North Carolina",5,SARPI,3,"..."," Real PCE (millions of constant (2012) dollars) 3/","Millions of constant 2012 dollars",311599.3,312295.7,314819.0,318128.2,324410.7,329023.0,337666.6,348921.9,356882.4,371988.6,386150.9,402809.0,401049.1,427646.2
 "38000","North Dakota",4,SARPI,3,"..."," Real PCE (millions of constant (2012) dollars) 3/","Millions of constant 2012 dollars",26361.6,26420.5,27102.2,29064.7,30195.4,32229.3,33719.8,34697.5,34411.3,35143.2,34514.2,33893.3,32987.2,35447.8
 "39000","Ohio",3,SARPI,3,"..."," Real PCE (millions of constant (2012) dollars) 3/","Millions of constant 2012 dollars",401322.8,391962.8,398688.3,408607.0,411365.3,416168.6,424714.3,440161.4,447327.1,457629.4,460031.2,462835.0,456881.6,485839.9
 "40000","Oklahoma",6,SARPI,3,"..."," Real PCE (millions of constant (2012) dollars) 3/","Millions of constant 2012 dollars",119638.4,119331.3,120300.5,122592.7,124217.5,125604.1,128094.1,130635.4,131625.3,134440.0,139778.2,140973.4,138225.0,147633.3
 "41000","Oregon",8,SARPI,3,"..."," Real PCE (millions of constant (2012) dollars) 3/","Millions of constant 2012 dollars",130427.0,125276.2,128493.6,129396.6,128701.4,131818.9,137318.6,142061.1,148847.2,151700.8,152583.9,157818.9,155827.4,170303.4
 "42000","Pennsylvania",2,SARPI,3,"..."," Real PCE (millions of constant (2012) dollars) 3/","Millions of constant 2012 dollars",472287.3,468049.5,480842.9,489714.7,492953.7,497165.4,506021.4,513151.1,521552.4,522404.6,542420.5,549921.3,526948.0,570569.7
 "44000","Rhode Island",1,SARPI,3,"..."," Real PCE (millions of constant (2012) dollars) 3/","Millions of constant 2012 dollars",37749.0,37270.5,38033.5,38309.1,38486.5,38283.8,39634.4,40092.0,40734.0,40539.9,41435.1,41782.0,40193.9,43543.6
 "45000","South Carolina",5,SARPI,3,"..."," Real PCE (millions of constant (2012) dollars) 3/","Millions of constant 2012 dollars",151708.5,151836.9,153731.5,154888.5,156862.7,159827.9,165275.0,170738.6,174699.6,181929.1,188723.9,195019.6,194492.0,207502.5
 "46000","South Dakota",4,SARPI,3,"..."," Real PCE (millions of constant (2012) dollars) 3/","Millions of constant 2012 dollars",30241.6,30114.6,30603.9,31526.3,30947.1,31863.7,32464.8,34386.2,35288.7,37046.3,36478.8,37127.7,37167.5,41010.7
 "47000","Tennessee",5,SARPI,3,"..."," Real PCE (millions of constant (2012) dollars) 3/","Millions of constant 2012 dollars",209263.6,209622.3,210160.7,213085.1,214215.3,215761.8,222388.1,228978.6,232710.3,241725.0,258185.4,259440.1,257743.8,281997.3
 "48000","Texas",6,SARPI,3,"..."," Real PCE (millions of constant (2012) dollars) 3/","Millions of constant 2012 dollars",798674.1,802445.5,821953.1,855433.3,873935.7,894965.1,930924.3,966868.6,998939.1,1035745.1,1064172.6,1081690.7,1064976.8,1169659.2
 "49000","Utah",7,SARPI,3,"..."," Real PCE (millions of constant (2012) dollars) 3/","Millions of constant 2012 dollars",80402.1,77099.7,79861.7,79792.6,82570.4,85517.8,89678.0,94078.2,99398.4,101466.5,109539.1,112126.9,115765.3,130179.0
 "50000","Vermont",1,SARPI,3,"..."," Real PCE (millions of constant (2012) dollars) 3/","Millions of constant 2012 dollars",24464.9,24494.0,25305.5,25957.9,25985.3,26098.3,26976.3,26806.9,27099.6,27020.8,27625.1,28095.8,26167.1,28727.5
 "51000","Virginia",5,SARPI,3,"..."," Real PCE (millions of constant (2012) dollars) 3/","Millions of constant 2012 dollars",285558.4,285936.8,288740.2,293378.1,298922.8,298480.0,303311.5,308892.1,316891.0,326015.3,331431.0,342189.0,329026.2,352615.9
 "53000","Washington",8,SARPI,3,"..."," Real PCE (millions of constant (2012) dollars) 3/","Millions of constant 2012 dollars",235866.6,233000.1,241506.6,244956.6,250299.6,256896.4,262296.2,273285.5,281069.1,285821.2,299041.0,304762.1,297347.9,318114.2
 "54000","West Virginia",5,SARPI,3,"..."," Real PCE (millions of constant (2012) dollars) 3/","Millions of constant 2012 dollars",60637.7,62657.4,62361.1,63489.8,64320.5,63961.4,64087.1,64921.8,66144.0,67765.6,68899.5,70025.7,68523.4,69920.5
 "55000","Wisconsin",3,SARPI,3,"..."," Real PCE (millions of constant (2012) dollars) 3/","Millions of constant 2012 dollars",205548.7,202181.9,204121.0,208381.7,207383.0,209944.2,213070.7,219644.4,224032.8,228425.9,233683.3,234813.5,233021.4,246726.6
 "56000","Wyoming",7,SARPI,3,"..."," Real PCE (millions of constant (2012) dollars) 3/","Millions of constant 2012 dollars",20985.0,20349.6,20940.6,21087.8,21768.5,22246.0,22415.0,22814.6,22675.7,22893.3,24388.6,24050.2,24182.2,26192.8
 "00000","United States", ,SARPI,4,"..."," Real per capita PCE (constant (2012) dollars) 4/","Constant 2012 dollars",35037,34278,34637,34948,35144,35398,36068,36954,37574,38204,39074,39646,38313,41441
 "01000","Alabama",5,SARPI,4,"..."," Real per capita PCE (constant (2012) dollars) 4/","Constant 2012 dollars",32668,32420,31950,32002,31816,32126,32496,33440,33578,34573,36356,36533,36260,38915
 "02000","Alaska",8,SARPI,4,"..."," Real per capita PCE (constant (2012) dollars) 4/","Constant 2012 dollars",39468,38863,40292,40459,41172,41297,41819,42085,42072,42665,43872,45442,43671,44994
 "04000","Arizona",6,SARPI,4,"..."," Real per capita PCE (constant (2012) dollars) 4/","Constant 2012 dollars",32359,30864,31848,32361,32748,32874,33776,34651,34863,36227,37130,37772,36449,40128
 "05000","Arkansas",5,SARPI,4,"..."," Real per capita PCE (constant (2012) dollars) 4/","Constant 2012 dollars",31233,31387,31053,31197,31466,31578,32268,33204,33844,34970,35921,35953,35422,37754
 "06000","California",8,SARPI,4,"..."," Real per capita PCE (constant (2012) dollars) 4/","Constant 2012 dollars",33890,32800,33347,33697,34014,34346,35091,36022,37240,37497,38271,39732,37624,41066
 "08000","Colorado",7,SARPI,4,"..."," Real per capita PCE (constant (2012) dollars) 4/","Constant 2012 dollars",36314,35666,36253,35703,35482,36002,37225,38367,39651,40311,42176,42240,40773,44814
 "09000","Connecticut",1,SARPI,4,"..."," Real per capita PCE (constant (2012) dollars) 4/","Constant 2012 dollars",39750,38703,40141,39921,40200,40235,41054,41899,42444,42689,44555,44941,42891,47039
 "10000","Delaware",2,SARPI,4,"..."," Real per capita PCE (constant (2012) dollars) 4/","Constant 2012 dollars",39220,37968,38576,39094,39452,39842,39637,41068,41251,41640,42244,42920,42386,45259
 "11000","District of Columbia",2,SARPI,4,"..."," Real per capita PCE (constant (2012) dollars) 4/","Constant 2012 dollars",53929,51832,51756,52022,52575,51747,52271,53830,55534,56619,57408,59334,55937,61257
 "12000","Florida",5,SARPI,4,"..."," Real per capita PCE (constant (2012) dollars) 4/","Constant 2012 dollars",35986,35131,35439,35678,35871,36180,37065,38080,38536,39117,40307,41140,39548,43223
 "13000","Georgia",5,SARPI,4,"..."," Real per capita PCE (constant (2012) dollars) 4/","Constant 2012 dollars",33096,32797,32039,32743,32313,32903,33737,34714,35263,36073,37052,37669,36453,39263
 "15000","Hawaii",8,SARPI,4,"..."," Real per capita PCE (constant (2012) dollars) 4/","Constant 2012 dollars",33993,32747,33349,33410,33777,33247,34017,34326,35013,35817,36811,37446,35205,37547
 "16000","Idaho",7,SARPI,4,"..."," Real per capita PCE (constant (2012) dollars) 4/","Constant 2012 dollars",30385,29163,30046,29783,30169,30588,30842,31549,32755,32976,34941,34787,34850,37450
 "17000","Illinois",3,SARPI,4,"..."," Real per capita PCE (constant (2012) dollars) 4/","Constant 2012 dollars",35923,34645,35014,35172,35548,35925,36887,38064,38537,38878,39830,40752,38925,42266
 "18000","Indiana",3,SARPI,4,"..."," Real per capita PCE (constant (2012) dollars) 4/","Constant 2012 dollars",33535,32889,32804,33407,33770,33859,34282,35357,36044,37565,37545,37644,37314,39821
 "19000","Iowa",4,SARPI,4,"..."," Real per capita PCE (constant (2012) dollars) 4/","Constant 2012 dollars",36078,35208,34979,35982,35797,35726,36002,37350,37633,38452,37847,37909,37296,40322
 "20000","Kansas",4,SARPI,4,"..."," Real per capita PCE (constant (2012) dollars) 4/","Constant 2012 dollars",37000,35394,34861,35122,34804,34946,35280,36172,36758,37663,37962,38278,37698,40938
 "21000","Kentucky",5,SARPI,4,"..."," Real per capita PCE (constant (2012) dollars) 4/","Constant 2012 dollars",32717,33026,32791,32970,32971,32749,33388,34426,35333,36118,37152,37221,36826,39609
 "22000","Louisiana",5,SARPI,4,"..."," Real per capita PCE (constant (2012) dollars) 4/","Constant 2012 dollars",33294,33115,32896,33119,33125,33400,33949,34757,34834,36079,37345,37633,36980,40077
 "23000","Maine",1,SARPI,4,"..."," Real per capita PCE (constant (2012) dollars) 4/","Constant 2012 dollars",37489,37669,38998,39012,38566,38541,40563,40447,41432,41480,42062,43810,41484,44986
 "24000","Maryland",2,SARPI,4,"..."," Real per capita PCE (constant (2012) dollars) 4/","Constant 2012 dollars",36334,35323,36082,35839,36445,36023,36489,37059,37757,38083,38703,39309,36911,39612
 "25000","Massachusetts",1,SARPI,4,"..."," Real per capita PCE (constant (2012) dollars) 4/","Constant 2012 dollars",42078,41765,42189,42257,42473,43021,43155,44224,43723,44282,44688,45429,42335,47510
 "26000","Michigan",3,SARPI,4,"..."," Real per capita PCE (constant (2012) dollars) 4/","Constant 2012 dollars",33659,33294,34076,34834,35329,35660,36318,37999,38949,39939,39994,39994,38938,41836
 "27000","Minnesota",4,SARPI,4,"..."," Real per capita PCE (constant (2012) dollars) 4/","Constant 2012 dollars",39362,37786,38526,39133,39140,39249,39440,40587,41185,42170,41774,42275,40634,42720
 "28000","Mississippi",5,SARPI,4,"..."," Real per capita PCE (constant (2012) dollars) 4/","Constant 2012 dollars",30347,30710,30377,30476,30849,30801,31134,31941,32269,32963,34159,34178,34143,36398
 "29000","Missouri",4,SARPI,4,"..."," Real per capita PCE (constant (2012) dollars) 4/","Constant 2012 dollars",37602,36428,35762,36430,36805,36664,36635,37934,38605,39490,40105,40248,39153,42285
 "30000","Montana",7,SARPI,4,"..."," Real per capita PCE (constant (2012) dollars) 4/","Constant 2012 dollars",36104,35630,36747,36340,37391,37616,37550,37864,38948,39562,41224,40851,41595,45231
 "31000","Nebraska",4,SARPI,4,"..."," Real per capita PCE (constant (2012) dollars) 4/","Constant 2012 dollars",37192,36167,36338,37153,37162,37433,37855,38834,39675,40989,40650,40580,39720,43541
 "32000","Nevada",8,SARPI,4,"..."," Real per capita PCE (constant (2012) dollars) 4/","Constant 2012 dollars",34391,31855,32646,32568,32723,33593,34333,35325,36262,36089,38280,37707,36900,40583
 "33000","New Hampshire",1,SARPI,4,"..."," Real per capita PCE (constant (2012) dollars) 4/","Constant 2012 dollars",39587,40253,41131,41346,41490,42003,42565,43345,43346,43643,45318,45804,44128,47862
 "34000","New Jersey",2,SARPI,4,"..."," Real per capita PCE (constant (2012) dollars) 4/","Constant 2012 dollars",39674,37429,38415,37984,38118,38361,38718,39347,39866,39788,39988,40385,39225,43364
 "35000","New Mexico",6,SARPI,4,"..."," Real per capita PCE (constant (2012) dollars) 4/","Constant 2012 dollars",31744,30649,31336,30702,30860,31383,32016,33061,33578,33405,35700,35250,34492,38506
 "36000","New York",2,SARPI,4,"..."," Real per capita PCE (constant (2012) dollars) 4/","Constant 2012 dollars",34349,34180,35056,35087,35540,35952,37174,37893,38497,39329,40650,41474,39167,42063
 "37000","North Carolina",5,SARPI,4,"..."," Real per capita PCE (constant (2012) dollars) 4/","Constant 2012 dollars",33471,33049,32892,32992,33368,33562,34176,35011,35419,36558,37579,38842,38352,40531
 "38000","North Dakota",4,SARPI,4,"..."," Real per capita PCE (constant (2012) dollars) 4/","Constant 2012 dollars",40090,39732,40148,42303,42826,44309,45298,45493,45003,45839,44742,43648,42348,45742
 "39000","Ohio",3,SARPI,4,"..."," Real per capita PCE (constant (2012) dollars) 4/","Constant 2012 dollars",34851,33998,34543,35353,35545,35841,36461,37704,38227,38988,39109,39261,38750,41243
 "40000","Oklahoma",6,SARPI,4,"..."," Real per capita PCE (constant (2012) dollars) 4/","Constant 2012 dollars",32608,32099,31998,32375,32557,32640,33086,33487,33605,34292,35581,35746,34887,37032
 "41000","Oregon",8,SARPI,4,"..."," Real per capita PCE (constant (2012) dollars) 4/","Constant 2012 dollars",34608,32893,33483,33413,33000,33592,34629,35352,36365,36579,36474,37434,36738,40108
 "42000","Pennsylvania",2,SARPI,4,"..."," Real per capita PCE (constant (2012) dollars) 4/","Constant 2012 dollars",37447,36951,37812,38341,38465,38700,39286,39783,40373,40355,41786,42329,40567,44012
 "44000","Rhode Island",1,SARPI,4,"..."," Real per capita PCE (constant (2012) dollars) 4/","Constant 2012 dollars",35781,35373,36052,36187,36185,35841,36937,37214,37638,37367,37953,38174,36666,39744
 "45000","South Carolina",5,SARPI,4,"..."," Real per capita PCE (constant (2012) dollars) 4/","Constant 2012 dollars",33497,33081,33175,33218,33367,33717,34488,35184,35575,36637,37586,38408,37907,39976
 "46000","South Dakota",4,SARPI,4,"..."," Real per capita PCE (constant (2012) dollars) 4/","Constant 2012 dollars",37843,37314,37501,38299,37160,37879,38300,40353,41002,42574,41676,42071,41898,45803
 "47000","Tennessee",5,SARPI,4,"..."," Real per capita PCE (constant (2012) dollars) 4/","Constant 2012 dollars",33496,33242,33063,33272,33144,33155,33907,34626,34877,35867,37932,37806,37246,40428
 "48000","Texas",6,SARPI,4,"..."," Real per capita PCE (constant (2012) dollars) 4/","Constant 2012 dollars",32855,32354,32567,33376,33541,33851,34597,35288,35894,36739,37325,37484,36450,39612
 "49000","Utah",7,SARPI,4,"..."," Real per capita PCE (constant (2012) dollars) 4/","Constant 2012 dollars",30192,28310,28768,28313,28866,29407,30393,31369,32451,32461,34437,34685,35276,38999
 "50000","Vermont",1,SARPI,4,"..."," Real per capita PCE (constant (2012) dollars) 4/","Constant 2012 dollars",39197,39202,40401,41230,41203,41241,42561,42158,42586,42282,43119,43774,40727,44499
 "51000","Virginia",5,SARPI,4,"..."," Real per capita PCE (constant (2012) dollars) 4/","Constant 2012 dollars",36454,36076,35980,36185,36468,36093,36396,36817,37525,38343,38777,39802,38117,40801
 "53000","Washington",8,SARPI,4,"..."," Real per capita PCE (constant (2012) dollars) 4/","Constant 2012 dollars",35943,34946,35813,35862,36254,36835,37110,38060,38419,38382,39616,39897,38523,41107
 "54000","West Virginia",5,SARPI,4,"..."," Real per capita PCE (constant (2012) dollars) 4/","Constant 2012 dollars",32950,33910,33629,34183,34604,34450,34585,35162,36026,37177,38054,38894,38286,39216
 "55000","Wisconsin",3,SARPI,4,"..."," Real per capita PCE (constant (2012) dollars) 4/","Constant 2012 dollars",36438,35663,35861,36474,36167,36466,36874,37908,38544,39138,39886,39933,39547,41847
 "56000","Wyoming",7,SARPI,4,"..."," Real per capita PCE (constant (2012) dollars) 4/","Constant 2012 dollars",38431,36348,37102,37201,37826,38294,38583,39090,38963,39728,42430,41802,41891,45253
"Note: See the included footnote file."
"SARPI: Real personal income and real personal Consumption Expenditures (PCE) by state "
"Last updated: December 15, 2022-- new statistics for 2021; revised statistics for 2010-2020."
"U.S. Bureau of Economic Analysis"
