<TABLE_DEFINITIONS Table="SARPI" Name="Real Personal Income and Real Personal Consumption Expenditures (PCE) by state" Source="USDOC/BEA/RD"><LINE><Code>1</Code><Description>Real personal income (millions of constant (2012) dollars)</Description><Definition>Real personal income is personal income at RPPs divided by the national PCE price index. It is estimated for states, state metro/nonmetro portions, metropolitan statistical areas, and the combined nonmetropolitan portion of the United States.</Definition></LINE><LINE><Code>2</Code><Description>Real per capita personal income (constant (2012) dollars)</Description><Definition>Real per capita personal income is the real personal income divided by midyear population.</Definition></LINE><LINE><Code>3</Code><Description>Real PCE (millions of constant (2012) dollars)</Description><Definition>Real personal consumption expenditures for states are personal consumption expenditures divided by the RPPs and the national PCE price index. The result is a constant dollar (using 2012 as the base year) estimate of real personal consumption expenditures. Calculations are performed on unrounded data.</Definition></LINE><LINE><Code>4</Code><Description>Real per capita PCE (constant (2012) dollars)</Description><Definition>Real per capita personal consumption expenditures is total real personal consumption expenditures divided by total midyear population.</Definition></LINE></TABLE_DEFINITIONS>
